0,1,2,3,4,5,6,7,8,9,10,11,12,13,14,15,16,17,18,19,20,21,22,23,24,25,26,27,28,29,30
2018-02-09,0.018867924528301886,0.05660377358490566,0.07547169811320754,0.05660377358490566,0.018867924528301886,0.0,0.03773584905660377,0.018867924528301886,0.03773584905660377,0.0,0.018867924528301886,0.018867924528301886,0.05660377358490566,0.03773584905660377,0.03773584905660377,0.03773584905660377,0.018867924528301886,0.05660377358490566,0.03773584905660377,0.018867924528301886,0.018867924528301886,0.0,0.07547169811320754,0.0,0.05660377358490566,0.03773584905660377,0.05660377358490566,0.0,0.09433962264150944,0.0
2018-02-28,0.0,0.03571428571428571,0.03571428571428571,0.10714285714285714,0.03571428571428571,0.03571428571428571,0.0,0.03571428571428571,0.03571428571428571,0.0,0.0,0.03571428571428571,0.0,0.07142857142857142,0.07142857142857142,0.0,0.0,0.10714285714285714,0.10714285714285714,0.03571428571428571,0.03571428571428571,0.03571428571428571,0.0,0.07142857142857142,0.0,0.0,0.10714285714285714,0.0,0.0,0.0
2018-03-07,0.0,0.0,0.0,0.0,0.125,0.125,0.0,0.0,0.0,0.125,0.0,0.0,0.125,0.125,0.0,0.0,0.0,0.0,0.25,0.0,0.0,0.125,0.0,0.0,0.0,0.0,0.0,0.0,0.0,0.0
2018-03-13,0.0,0.0,0.1111111111111111,0.1111111111111111,0.0,0.0,0.0,0.2222222222222222,0.0,0.0,0.0,0.0,0.2222222222222222,0.1111111111111111,0.0,0.0,0.0,0.0,0.0,0.0,0.1111111111111111,0.1111111111111111,0.0,0.0,0.0,0.0,0.0,0.0,0.0,0.0
2018-03-14,0.0,0.14285714285714285,0.0,0.0,0.0,0.0,0.0,0.14285714285714285,0.0,0.14285714285714285,0.0,0.14285714285714285,0.14285714285714285,0.0,0.0,0.0,0.14285714285714285,0.0,0.0,0.0,0.14285714285714285,0.0,0.0,0.0,0.0,0.0,0.0,0.0,0.0,0.0
2018-03-20,0.0,0.0,0.0625,0.0,0.0625,0.0625,0.0625,0.0625,0.0,0.125,0.0,0.0625,0.0,0.0625,0.0625,0.125,0.0,0.0,0.0,0.0,0.0,0.0625,0.0,0.0625,0.0,0.0625,0.0,0.0625,0.0,0.0
2018-03-26,0.0,0.0,0.0,0.07142857142857142,0.0,0.0,0.14285714285714285,0.0,0.0,0.0,0.07142857142857142,0.0,0.0,0.07142857142857142,0.0,0.07142857142857142,0.0,0.07142857142857142,0.0,0.14285714285714285,0.07142857142857142,0.14285714285714285,0.0,0.07142857142857142,0.0,0.0,0.07142857142857142,0.0,0.0,0.0
2018-03-27,0.0,0.08333333333333333,0.08333333333333333,0.08333333333333333,0.0,0.0,0.0,0.0,0.08333333333333333,0.0,0.0,0.0,0.0,0.0,0.0,0.0,0.0,0.0,0.0,0.16666666666666666,0.0,0.0,0.0,0.08333333333333333,0.16666666666666666,0.16666666666666666,0.0,0.0,0.0,0.08333333333333333
2018-03-29,0.047058823529411764,0.07058823529411765,0.03529411764705882,0.03529411764705882,0.03529411764705882,0.0,0.011764705882352941,0.03529411764705882,0.0,0.058823529411764705,0.023529411764705882,0.011764705882352941,0.03529411764705882,0.03529411764705882,0.023529411764705882,0.023529411764705882,0.047058823529411764,0.047058823529411764,0.08235294117647059,0.058823529411764705,0.07058823529411765,0.023529411764705882,0.011764705882352941,0.023529411764705882,0.023529411764705882,0.011764705882352941,0.023529411764705882,0.023529411764705882,0.047058823529411764,0.023529411764705882
2018-04-02,0.0,0.0,0.0,0.0,0.0,0.0,0.0,1.0,0.0,0.0,0.0,0.0,0.0,0.0,0.0,0.0,0.0,0.0,0.0,0.0,0.0,0.0,0.0,0.0,0.0,0.0,0.0,0.0,0.0,0.0
2018-04-09,0.022727272727272728,0.06818181818181818,0.045454545454545456,0.045454545454545456,0.022727272727272728,0.0,0.0,0.022727272727272728,0.022727272727272728,0.11363636363636363,0.022727272727272728,0.06818181818181818,0.045454545454545456,0.045454545454545456,0.11363636363636363,0.0,0.0,0.022727272727272728,0.06818181818181818,0.022727272727272728,0.022727272727272728,0.022727272727272728,0.022727272727272728,0.0,0.022727272727272728,0.045454545454545456,0.022727272727272728,0.022727272727272728,0.022727272727272728,0.022727272727272728
2018-04-10,0.0,0.0,0.0,0.2,0.0,0.0,0.0,0.0,0.0,0.0,0.2,0.0,0.0,0.2,0.0,0.0,0.0,0.0,0.0,0.0,0.0,0.0,0.4,0.0,0.0,0.0,0.0,0.0,0.0,0.0
2018-04-12,0.0,0.043478260869565216,0.021739130434782608,0.08695652173913043,0.021739130434782608,0.043478260869565216,0.043478260869565216,0.06521739130434782,0.0,0.0,0.021739130434782608,0.06521739130434782,0.043478260869565216,0.021739130434782608,0.021739130434782608,0.0,0.043478260869565216,0.043478260869565216,0.08695652173913043,0.06521739130434782,0.043478260869565216,0.021739130434782608,0.043478260869565216,0.021739130434782608,0.0,0.021739130434782608,0.06521739130434782,0.0,0.021739130434782608,0.021739130434782608
2018-04-17,0.0,0.0,0.0,0.0,0.2222222222222222,0.0,0.0,0.0,0.0,0.0,0.0,0.0,0.0,0.1111111111111111,0.0,0.1111111111111111,0.2222222222222222,0.0,0.0,0.0,0.2222222222222222,0.0,0.0,0.0,0.0,0.1111111111111111,0.0,0.0,0.0,0.0
2018-04-23,0.05714285714285714,0.02857142857142857,0.02857142857142857,0.02857142857142857,0.02857142857142857,0.0,0.0,0.02857142857142857,0.05714285714285714,0.11428571428571428,0.05714285714285714,0.0,0.0,0.05714285714285714,0.05714285714285714,0.02857142857142857,0.05714285714285714,0.05714285714285714,0.02857142857142857,0.0,0.02857142857142857,0.02857142857142857,0.05714285714285714,0.02857142857142857,0.08571428571428572,0.0,0.02857142857142857,0.0,0.0,0.02857142857142857
2018-04-24,0.0,0.0,0.0,0.047619047619047616,0.09523809523809523,0.0,0.047619047619047616,0.0,0.0,0.0,0.0,0.14285714285714285,0.0,0.09523809523809523,0.047619047619047616,0.0,0.047619047619047616,0.0,0.047619047619047616,0.047619047619047616,0.09523809523809523,0.0,0.047619047619047616,0.047619047619047616,0.0,0.0,0.047619047619047616,0.09523809523809523,0.047619047619047616,0.0
2018-04-27,0.07692307692307693,0.07692307692307693,0.0,0.07692307692307693,0.0,0.0,0.0,0.0,0.07692307692307693,0.0,0.0,0.0,0.07692307692307693,0.0,0.15384615384615385,0.0,0.07692307692307693,0.07692307692307693,0.07692307692307693,0.0,0.0,0.0,0.0,0.0,0.0,0.0,0.0,0.07692307692307693,0.15384615384615385,0.0
2018-05-08,0.0,0.0,0.0,0.0,0.0,0.0,0.0,0.1111111111111111,0.1111111111111111,0.1111111111111111,0.1111111111111111,0.1111111111111111,0.1111111111111111,0.1111111111111111,0.0,0.0,0.1111111111111111,0.0,0.1111111111111111,0.0,0.0,0.0,0.0,0.0,0.0,0.0,0.0,0.0,0.0,0.0
2018-05-09,0.0,0.0,0.0,0.0,0.0,0.0,0.0,0.0,0.0,0.0,0.2,0.0,0.2,0.0,0.0,0.0,0.0,0.0,0.0,0.0,0.0,0.2,0.0,0.0,0.0,0.2,0.0,0.0,0.0,0.2
2018-05-15,0.0,0.0,0.0,0.0,0.0,0.0,0.0,0.0,1.0,0.0,0.0,0.0,0.0,0.0,0.0,0.0,0.0,0.0,0.0,0.0,0.0,0.0,0.0,0.0,0.0,0.0,0.0,0.0,0.0,0.0
2018-05-16,0.0,0.05714285714285714,0.0,0.0,0.02857142857142857,0.05714285714285714,0.05714285714285714,0.02857142857142857,0.11428571428571428,0.05714285714285714,0.05714285714285714,0.02857142857142857,0.05714285714285714,0.08571428571428572,0.05714285714285714,0.0,0.02857142857142857,0.02857142857142857,0.0,0.02857142857142857,0.0,0.05714285714285714,0.0,0.02857142857142857,0.0,0.0,0.0,0.02857142857142857,0.05714285714285714,0.05714285714285714
2018-05-22,0.0,0.0,0.1,0.0,0.0,0.0,0.0,0.0,0.1,0.0,0.0,0.2,0.0,0.1,0.1,0.0,0.0,0.0,0.0,0.0,0.0,0.0,0.2,0.0,0.0,0.0,0.0,0.0,0.1,0.1
2018-05-31,0.0,0.0,0.0,0.0,0.21428571428571427,0.07142857142857142,0.0,0.0,0.07142857142857142,0.0,0.07142857142857142,0.0,0.07142857142857142,0.0,0.0,0.14285714285714285,0.0,0.0,0.0,0.14285714285714285,0.0,0.07142857142857142,0.0,0.0,0.0,0.07142857142857142,0.0,0.0,0.07142857142857142,0.0
2018-06-01,0.06382978723404255,0.010638297872340425,0.031914893617021274,0.05319148936170213,0.031914893617021274,0.010638297872340425,0.010638297872340425,0.031914893617021274,0.0425531914893617,0.031914893617021274,0.05319148936170213,0.05319148936170213,0.031914893617021274,0.031914893617021274,0.031914893617021274,0.0425531914893617,0.02127659574468085,0.010638297872340425,0.0425531914893617,0.02127659574468085,0.07446808510638298,0.010638297872340425,0.06382978723404255,0.0425531914893617,0.0425531914893617,0.010638297872340425,0.010638297872340425,0.02127659574468085,0.05319148936170213,0.010638297872340425
2018-06-04,0.0,0.0,0.0,0.0,0.1,0.0,0.1,0.1,0.1,0.0,0.1,0.0,0.0,0.2,0.0,0.0,0.0,0.0,0.1,0.0,0.0,0.0,0.0,0.0,0.0,0.1,0.0,0.1,0.0,0.0
2018-06-06,0.0,0.038461538461538464,0.07692307692307693,0.038461538461538464,0.0,0.11538461538461539,0.15384615384615385,0.038461538461538464,0.15384615384615385,0.038461538461538464,0.0,0.07692307692307693,0.0,0.0,0.07692307692307693,0.0,0.0,0.0,0.038461538461538464,0.0,0.038461538461538464,0.038461538461538464,0.0,0.0,0.0,0.0,0.07692307692307693,0.0,0.0,0.0
2018-06-07,0.04,0.06,0.02,0.04,0.02,0.08,0.04,0.0,0.02,0.0,0.02,0.0,0.02,0.08,0.04,0.0,0.06,0.0,0.0,0.0,0.12,0.0,0.04,0.04,0.06,0.02,0.06,0.0,0.12,0.0
2018-06-12,0.0,0.058823529411764705,0.058823529411764705,0.0,0.058823529411764705,0.058823529411764705,0.11764705882352941,0.0,0.0,0.058823529411764705,0.0,0.058823529411764705,0.058823529411764705,0.058823529411764705,0.0,0.0,0.0,0.0,0.0,0.058823529411764705,0.0,0.0,0.0,0.0,0.11764705882352941,0.0,0.0,0.058823529411764705,0.11764705882352941,0.058823529411764705
2018-06-20,0.0,0.05263157894736842,0.0,0.0,0.0,0.0,0.0,0.0,0.05263157894736842,0.05263157894736842,0.0,0.0,0.15789473684210525,0.0,0.0,0.0,0.05263157894736842,0.05263157894736842,0.0,0.0,0.05263157894736842,0.05263157894736842,0.15789473684210525,0.05263157894736842,0.0,0.05263157894736842,0.0,0.10526315789473684,0.0,0.10526315789473684
2018-06-28,0.09090909090909091,0.0,0.0,0.09090909090909091,0.09090909090909091,0.09090909090909091,0.0,0.0,0.0,0.0,0.0,0.0,0.0,0.0,0.09090909090909091,0.0,0.09090909090909091,0.09090909090909091,0.0,0.0,0.09090909090909091,0.0,0.0,0.0,0.0,0.09090909090909091,0.0,0.0,0.18181818181818182,0.0
2018-07-09,0.043478260869565216,0.13043478260869565,0.043478260869565216,0.0,0.043478260869565216,0.0,0.043478260869565216,0.0,0.043478260869565216,0.13043478260869565,0.0,0.0,0.043478260869565216,0.0,0.0,0.0,0.0,0.0,0.0,0.08695652173913043,0.043478260869565216,0.043478260869565216,0.043478260869565216,0.043478260869565216,0.043478260869565216,0.0,0.0,0.0,0.17391304347826086,0.0
2018-07-11,0.0,0.0,0.0,0.0,0.0,0.25,0.25,0.0,0.25,0.0,0.0,0.0,0.0,0.0,0.0,0.0,0.0,0.0,0.0,0.0,0.0,0.0,0.0,0.0,0.0,0.25,0.0,0.0,0.0,0.0
2018-07-16,0.05555555555555555,0.1111111111111111,0.0,0.05555555555555555,0.05555555555555555,0.0,0.0,0.0,0.05555555555555555,0.05555555555555555,0.0,0.0,0.05555555555555555,0.0,0.0,0.0,0.16666666666666666,0.0,0.0,0.1111111111111111,0.05555555555555555,0.0,0.0,0.0,0.0,0.0,0.0,0.16666666666666666,0.05555555555555555,0.0
2018-07-17,0.0,0.0,0.0,0.06666666666666667,0.0,0.06666666666666667,0.06666666666666667,0.13333333333333333,0.0,0.06666666666666667,0.13333333333333333,0.06666666666666667,0.06666666666666667,0.0,0.0,0.06666666666666667,0.0,0.06666666666666667,0.0,0.0,0.06666666666666667,0.0,0.0,0.0,0.0,0.06666666666666667,0.0,0.0,0.0,0.06666666666666667
2018-07-18,0.01818181818181818,0.01818181818181818,0.03636363636363636,0.01818181818181818,0.0,0.03636363636363636,0.01818181818181818,0.05454545454545454,0.01818181818181818,0.03636363636363636,0.01818181818181818,0.03636363636363636,0.01818181818181818,0.01818181818181818,0.01818181818181818,0.01818181818181818,0.09090909090909091,0.07272727272727272,0.0,0.07272727272727272,0.03636363636363636,0.0,0.05454545454545454,0.0,0.0,0.05454545454545454,0.05454545454545454,0.05454545454545454,0.05454545454545454,0.07272727272727272
2018-07-23,0.02702702702702703,0.05405405405405406,0.0,0.02702702702702703,0.0,0.02702702702702703,0.0,0.02702702702702703,0.02702702702702703,0.02702702702702703,0.02702702702702703,0.02702702702702703,0.02702702702702703,0.02702702702702703,0.02702702702702703,0.02702702702702703,0.02702702702702703,0.08108108108108109,0.05405405405405406,0.05405405405405406,0.0,0.0,0.08108108108108109,0.08108108108108109,0.05405405405405406,0.02702702702702703,0.02702702702702703,0.05405405405405406,0.0,0.08108108108108109
2018-07-24,0.03289473684210526,0.02631578947368421,0.07236842105263158,0.039473684210526314,0.019736842105263157,0.03289473684210526,0.013157894736842105,0.03289473684210526,0.046052631578947366,0.03289473684210526,0.013157894736842105,0.02631578947368421,0.02631578947368421,0.039473684210526314,0.019736842105263157,0.03289473684210526,0.02631578947368421,0.03289473684210526,0.03289473684210526,0.05263157894736842,0.02631578947368421,0.039473684210526314,0.046052631578947366,0.03289473684210526,0.03289473684210526,0.046052631578947366,0.03289473684210526,0.019736842105263157,0.039473684210526314,0.03289473684210526
2018-08-03,0.05555555555555555,0.05555555555555555,0.0,0.05555555555555555,0.0,0.0,0.1111111111111111,0.0,0.05555555555555555,0.0,0.0,0.0,0.0,0.16666666666666666,0.0,0.0,0.05555555555555555,0.05555555555555555,0.05555555555555555,0.0,0.05555555555555555,0.05555555555555555,0.05555555555555555,0.05555555555555555,0.05555555555555555,0.0,0.0,0.0,0.05555555555555555,0.0
2018-08-14,0.07692307692307693,0.0,0.07692307692307693,0.0,0.0,0.0,0.0,0.15384615384615385,0.0,0.0,0.0,0.0,0.0,0.07692307692307693,0.07692307692307693,0.0,0.0,0.07692307692307693,0.0,0.0,0.07692307692307693,0.07692307692307693,0.07692307692307693,0.07692307692307693,0.07692307692307693,0.0,0.0,0.07692307692307693,0.0,0.0
2018-08-24,0.043478260869565216,0.0,0.043478260869565216,0.043478260869565216,0.0,0.0,0.043478260869565216,0.043478260869565216,0.0,0.0,0.08695652173913043,0.0,0.043478260869565216,0.043478260869565216,0.0,0.043478260869565216,0.0,0.043478260869565216,0.043478260869565216,0.0,0.0,0.043478260869565216,0.043478260869565216,0.043478260869565216,0.043478260869565216,0.08695652173913043,0.0,0.08695652173913043,0.043478260869565216,0.08695652173913043
2018-08-29,0.017241379310344827,0.034482758620689655,0.034482758620689655,0.06896551724137931,0.034482758620689655,0.017241379310344827,0.0,0.0,0.017241379310344827,0.05172413793103448,0.06896551724137931,0.0,0.06896551724137931,0.06896551724137931,0.05172413793103448,0.017241379310344827,0.017241379310344827,0.034482758620689655,0.05172413793103448,0.034482758620689655,0.06896551724137931,0.017241379310344827,0.017241379310344827,0.0,0.05172413793103448,0.017241379310344827,0.034482758620689655,0.034482758620689655,0.0,0.06896551724137931
2018-08-30,0.047619047619047616,0.047619047619047616,0.09523809523809523,0.09523809523809523,0.0,0.0,0.047619047619047616,0.0,0.09523809523809523,0.09523809523809523,0.0,0.047619047619047616,0.09523809523809523,0.0,0.0,0.0,0.0,0.047619047619047616,0.0,0.0,0.0,0.047619047619047616,0.0,0.047619047619047616,0.0,0.047619047619047616,0.0,0.047619047619047616,0.047619047619047616,0.047619047619047616
2018-09-13,0.0,0.0,0.2,0.0,0.0,0.0,0.0,0.0,0.0,0.0,0.2,0.0,0.0,0.0,0.0,0.0,0.0,0.0,0.0,0.0,0.2,0.0,0.0,0.0,0.0,0.2,0.2,0.0,0.0,0.0
2018-09-24,0.0,0.07692307692307693,0.0,0.0,0.038461538461538464,0.0,0.0,0.038461538461538464,0.038461538461538464,0.038461538461538464,0.0,0.038461538461538464,0.0,0.11538461538461539,0.0,0.07692307692307693,0.038461538461538464,0.07692307692307693,0.038461538461538464,0.038461538461538464,0.07692307692307693,0.0,0.0,0.038461538461538464,0.038461538461538464,0.07692307692307693,0.07692307692307693,0.0,0.038461538461538464,0.0
2018-09-25,0.0,0.0,0.14285714285714285,0.0,0.14285714285714285,0.0,0.0,0.0,0.0,0.14285714285714285,0.0,0.0,0.14285714285714285,0.0,0.0,0.14285714285714285,0.0,0.0,0.0,0.0,0.0,0.14285714285714285,0.14285714285714285,0.0,0.0,0.0,0.0,0.0,0.0,0.0
2018-10-08,0.03636363636363636,0.03636363636363636,0.03636363636363636,0.05454545454545454,0.0,0.0,0.01818181818181818,0.05454545454545454,0.0,0.01818181818181818,0.0,0.03636363636363636,0.09090909090909091,0.03636363636363636,0.03636363636363636,0.07272727272727272,0.01818181818181818,0.01818181818181818,0.05454545454545454,0.03636363636363636,0.05454545454545454,0.01818181818181818,0.07272727272727272,0.03636363636363636,0.03636363636363636,0.01818181818181818,0.01818181818181818,0.03636363636363636,0.03636363636363636,0.01818181818181818
2018-10-09,0.1,0.0,0.0,0.0,0.0,0.0,0.0,0.0,0.0,0.0,0.1,0.0,0.1,0.2,0.0,0.0,0.0,0.0,0.0,0.0,0.1,0.0,0.0,0.1,0.1,0.0,0.1,0.0,0.0,0.1
2018-10-12,0.0,0.0,0.0,0.07142857142857142,0.0,0.0,0.0,0.07142857142857142,0.0,0.14285714285714285,0.0,0.07142857142857142,0.0,0.0,0.07142857142857142,0.0,0.07142857142857142,0.07142857142857142,0.0,0.14285714285714285,0.0,0.0,0.07142857142857142,0.0,0.0,0.14285714285714285,0.0,0.0,0.07142857142857142,0.0
2018-10-15,0.0,0.0,0.25,0.0,0.0,0.0,0.125,0.0,0.0,0.0,0.0,0.0,0.0,0.0,0.0,0.25,0.0,0.0,0.125,0.0,0.0,0.0,0.0,0.0,0.125,0.0,0.0,0.0,0.0,0.125
2018-10-16,0.0,0.0,0.0,0.09090909090909091,0.09090909090909091,0.0,0.0,0.0,0.18181818181818182,0.0,0.0,0.09090909090909091,0.09090909090909091,0.0,0.0,0.09090909090909091,0.0,0.09090909090909091,0.0,0.09090909090909091,0.0,0.09090909090909091,0.0,0.0,0.0,0.0,0.09090909090909091,0.0,0.0,0.0
2018-10-19,0.08695652173913043,0.043478260869565216,0.0,0.08695652173913043,0.0,0.0,0.08695652173913043,0.0,0.043478260869565216,0.043478260869565216,0.043478260869565216,0.043478260869565216,0.043478260869565216,0.043478260869565216,0.0,0.043478260869565216,0.08695652173913043,0.0,0.0,0.0,0.0,0.0,0.08695652173913043,0.043478260869565216,0.0,0.043478260869565216,0.0,0.13043478260869565,0.0,0.0
2018-10-22,0.0,0.0,0.0,0.06666666666666667,0.06666666666666667,0.0,0.06666666666666667,0.0,0.06666666666666667,0.0,0.06666666666666667,0.06666666666666667,0.0,0.0,0.13333333333333333,0.0,0.13333333333333333,0.06666666666666667,0.0,0.06666666666666667,0.06666666666666667,0.06666666666666667,0.0,0.0,0.0,0.06666666666666667,0.0,0.0,0.0,0.0
2018-10-24,0.0,0.0,0.09090909090909091,0.0,0.045454545454545456,0.0,0.045454545454545456,0.045454545454545456,0.045454545454545456,0.045454545454545456,0.0,0.0,0.045454545454545456,0.0,0.0,0.045454545454545456,0.0,0.0,0.0,0.09090909090909091,0.13636363636363635,0.045454545454545456,0.0,0.045454545454545456,0.0,0.09090909090909091,0.045454545454545456,0.045454545454545456,0.09090909090909091,0.0
2018-10-25,0.030303030303030304,0.0,0.030303030303030304,0.06060606060606061,0.09090909090909091,0.06060606060606061,0.030303030303030304,0.030303030303030304,0.09090909090909091,0.06060606060606061,0.0,0.030303030303030304,0.06060606060606061,0.0,0.06060606060606061,0.0,0.0,0.06060606060606061,0.030303030303030304,0.030303030303030304,0.0,0.0,0.0,0.0,0.06060606060606061,0.06060606060606061,0.030303030303030304,0.030303030303030304,0.06060606060606061,0.0
2018-10-26,0.022222222222222223,0.06666666666666667,0.044444444444444446,0.06666666666666667,0.0,0.0,0.022222222222222223,0.0,0.0,0.022222222222222223,0.022222222222222223,0.022222222222222223,0.022222222222222223,0.044444444444444446,0.06666666666666667,0.0,0.08888888888888889,0.022222222222222223,0.06666666666666667,0.022222222222222223,0.06666666666666667,0.022222222222222223,0.044444444444444446,0.044444444444444446,0.08888888888888889,0.022222222222222223,0.022222222222222223,0.044444444444444446,0.022222222222222223,0.0
2018-10-30,0.0,0.0,0.0,0.0,0.2,0.0,0.0,0.0,0.0,0.0,0.0,0.0,0.0,0.0,0.0,0.0,0.0,0.0,0.0,0.4,0.2,0.0,0.0,0.0,0.0,0.0,0.0,0.0,0.2,0.0
2018-11-02,0.25,0.0,0.0,0.0,0.0,0.0,0.0,0.0,0.0,0.0,0.25,0.0,0.0,0.0,0.0,0.0,0.0,0.0,0.0,0.0,0.0,0.0,0.0,0.0,0.0,0.0,0.25,0.0,0.25,0.0
2018-11-07,0.0,0.0,0.0,0.18181818181818182,0.045454545454545456,0.0,0.0,0.0,0.0,0.045454545454545456,0.0,0.045454545454545456,0.09090909090909091,0.09090909090909091,0.0,0.045454545454545456,0.0,0.0,0.09090909090909091,0.045454545454545456,0.045454545454545456,0.0,0.045454545454545456,0.0,0.13636363636363635,0.0,0.045454545454545456,0.045454545454545456,0.0,0.0
2018-11-08,0.0,0.0,0.0,0.1111111111111111,0.0,0.0,0.0,0.0,0.2222222222222222,0.0,0.0,0.1111111111111111,0.0,0.0,0.0,0.1111111111111111,0.0,0.0,0.0,0.0,0.1111111111111111,0.1111111111111111,0.1111111111111111,0.0,0.1111111111111111,0.0,0.0,0.0,0.0,0.0
2018-11-16,0.08333333333333333,0.0,0.08333333333333333,0.0,0.0,0.08333333333333333,0.0,0.0,0.08333333333333333,0.08333333333333333,0.0,0.08333333333333333,0.08333333333333333,0.08333333333333333,0.0,0.0,0.0,0.08333333333333333,0.08333333333333333,0.08333333333333333,0.0,0.0,0.0,0.0,0.0,0.0,0.0,0.0,0.08333333333333333,0.0
2018-11-27,0.0603448275862069,0.017241379310344827,0.02586206896551724,0.008620689655172414,0.02586206896551724,0.05172413793103448,0.017241379310344827,0.017241379310344827,0.017241379310344827,0.034482758620689655,0.0603448275862069,0.02586206896551724,0.02586206896551724,0.017241379310344827,0.034482758620689655,0.0603448275862069,0.05172413793103448,0.02586206896551724,0.017241379310344827,0.034482758620689655,0.034482758620689655,0.02586206896551724,0.0603448275862069,0.034482758620689655,0.034482758620689655,0.0,0.07758620689655173,0.017241379310344827,0.05172413793103448,0.034482758620689655
2018-11-28,0.0,0.07142857142857142,0.14285714285714285,0.0,0.07142857142857142,0.07142857142857142,0.0,0.0,0.0,0.14285714285714285,0.0,0.0,0.07142857142857142,0.0,0.07142857142857142,0.0,0.0,0.0,0.0,0.0,0.07142857142857142,0.0,0.0,0.07142857142857142,0.07142857142857142,0.07142857142857142,0.0,0.07142857142857142,0.0,0.0
2018-11-30,0.0,0.0,0.0,0.0,0.0,0.0,0.08333333333333333,0.08333333333333333,0.0,0.08333333333333333,0.0,0.0,0.08333333333333333,0.08333333333333333,0.0,0.0,0.08333333333333333,0.0,0.0,0.16666666666666666,0.0,0.0,0.16666666666666666,0.0,0.0,0.0,0.0,0.08333333333333333,0.0,0.08333333333333333
2018-12-04,0.0,0.0,0.0,0.0,0.0,0.0,0.25,0.0,0.25,0.0,0.0,0.0,0.0,0.0,0.0,0.0,0.25,0.0,0.0,0.25,0.0,0.0,0.0,0.0,0.0,0.0,0.0,0.0,0.0,0.0
2018-12-10,0.0,0.0,0.15384615384615385,0.0,0.038461538461538464,0.0,0.0,0.0,0.0,0.038461538461538464,0.0,0.0,0.038461538461538464,0.0,0.038461538461538464,0.0,0.15384615384615385,0.038461538461538464,0.038461538461538464,0.0,0.038461538461538464,0.0,0.07692307692307693,0.038461538461538464,0.038461538461538464,0.07692307692307693,0.0,0.07692307692307693,0.07692307692307693,0.038461538461538464
2018-12-20,0.0,0.0,0.13333333333333333,0.06666666666666667,0.06666666666666667,0.0,0.06666666666666667,0.0,0.0,0.06666666666666667,0.0,0.0,0.0,0.0,0.0,0.0,0.0,0.13333333333333333,0.0,0.0,0.13333333333333333,0.0,0.06666666666666667,0.06666666666666667,0.0,0.06666666666666667,0.0,0.06666666666666667,0.0,0.06666666666666667
2019-01-03,0.0,0.0,0.0,0.0,0.08333333333333333,0.0,0.0,0.08333333333333333,0.16666666666666666,0.08333333333333333,0.0,0.0,0.0,0.0,0.0,0.0,0.0,0.08333333333333333,0.0,0.08333333333333333,0.08333333333333333,0.08333333333333333,0.0,0.0,0.0,0.08333333333333333,0.08333333333333333,0.0,0.08333333333333333,0.0
2019-01-07,0.0,0.16666666666666666,0.0,0.0,0.0,0.16666666666666666,0.0,0.0,0.0,0.0,0.0,0.0,0.0,0.0,0.16666666666666666,0.0,0.16666666666666666,0.0,0.0,0.0,0.0,0.0,0.0,0.16666666666666666,0.0,0.0,0.16666666666666666,0.0,0.0,0.0
2019-01-10,0.0,0.0,0.0,0.0,0.038461538461538464,0.0,0.07692307692307693,0.07692307692307693,0.07692307692307693,0.038461538461538464,0.038461538461538464,0.038461538461538464,0.038461538461538464,0.0,0.11538461538461539,0.038461538461538464,0.07692307692307693,0.0,0.0,0.038461538461538464,0.0,0.038461538461538464,0.038461538461538464,0.0,0.0,0.07692307692307693,0.038461538461538464,0.038461538461538464,0.038461538461538464,0.038461538461538464
2019-01-17,0.0,0.0,0.0,0.0,0.0,0.0,0.0,0.0,0.125,0.125,0.0,0.0,0.0,0.0,0.125,0.0,0.0,0.125,0.0,0.0,0.0,0.0,0.0,0.25,0.125,0.0,0.0,0.125,0.0,0.0
2019-01-30,0.0,0.0,0.0,0.0,0.0,0.0,0.0,0.0,0.0,0.0,0.25,0.25,0.0,0.25,0.0,0.0,0.0,0.25,0.0,0.0,0.0,0.0,0.0,0.0,0.0,0.0,0.0,0.0,0.0,0.0
2019-01-31,0.0,0.0,0.1,0.0,0.0,0.1,0.1,0.0,0.0,0.0,0.0,0.0,0.0,0.1,0.1,0.0,0.0,0.0,0.1,0.1,0.1,0.0,0.0,0.0,0.0,0.0,0.0,0.0,0.1,0.1
2019-02-04,0.036585365853658534,0.06097560975609756,0.012195121951219513,0.012195121951219513,0.0,0.036585365853658534,0.012195121951219513,0.036585365853658534,0.012195121951219513,0.024390243902439025,0.036585365853658534,0.036585365853658534,0.012195121951219513,0.0,0.036585365853658534,0.024390243902439025,0.04878048780487805,0.08536585365853659,0.04878048780487805,0.024390243902439025,0.06097560975609756,0.04878048780487805,0.036585365853658534,0.024390243902439025,0.04878048780487805,0.04878048780487805,0.024390243902439025,0.036585365853658534,0.024390243902439025,0.04878048780487805
2019-02-13,0.0,0.0,0.07407407407407407,0.0,0.07407407407407407,0.037037037037037035,0.0,0.0,0.0,0.1111111111111111,0.0,0.0,0.037037037037037035,0.1111111111111111,0.0,0.037037037037037035,0.07407407407407407,0.0,0.0,0.0,0.037037037037037035,0.037037037037037035,0.07407407407407407,0.1111111111111111,0.07407407407407407,0.0,0.0,0.037037037037037035,0.037037037037037035,0.037037037037037035
2019-02-15,0.09090909090909091,0.0,0.0,0.045454545454545456,0.0,0.0,0.0,0.045454545454545456,0.09090909090909091,0.045454545454545456,0.045454545454545456,0.09090909090909091,0.045454545454545456,0.045454545454545456,0.0,0.045454545454545456,0.0,0.0,0.0,0.0,0.045454545454545456,0.0,0.09090909090909091,0.0,0.045454545454545456,0.0,0.045454545454545456,0.045454545454545456,0.13636363636363635,0.0
2019-02-20,0.0,0.08695652173913043,0.08695652173913043,0.08695652173913043,0.0,0.0,0.0,0.0,0.043478260869565216,0.0,0.0,0.0,0.043478260869565216,0.043478260869565216,0.13043478260869565,0.043478260869565216,0.08695652173913043,0.0,0.043478260869565216,0.08695652173913043,0.043478260869565216,0.0,0.0,0.043478260869565216,0.0,0.0,0.043478260869565216,0.0,0.0,0.08695652173913043
2019-02-21,0.0,0.14285714285714285,0.0,0.0,0.0,0.0,0.0,0.0,0.0,0.0,0.14285714285714285,0.0,0.14285714285714285,0.0,0.2857142857142857,0.0,0.0,0.0,0.0,0.0,0.0,0.0,0.14285714285714285,0.0,0.0,0.0,0.0,0.0,0.14285714285714285,0.0
2019-02-28,0.0,0.05263157894736842,0.05263157894736842,0.05263157894736842,0.0,0.0,0.05263157894736842,0.0,0.0,0.05263157894736842,0.15789473684210525,0.0,0.0,0.0,0.05263157894736842,0.0,0.10526315789473684,0.0,0.05263157894736842,0.05263157894736842,0.05263157894736842,0.0,0.0,0.05263157894736842,0.0,0.05263157894736842,0.10526315789473684,0.0,0.0,0.05263157894736842
2019-03-11,0.0,0.0,0.16666666666666666,0.0,0.0,0.0,0.0,0.0,0.0,0.0,0.0,0.16666666666666666,0.0,0.16666666666666666,0.0,0.0,0.0,0.0,0.0,0.16666666666666666,0.0,0.0,0.0,0.0,0.0,0.0,0.0,0.16666666666666666,0.16666666666666666,0.0
2019-03-14,0.06666666666666667,0.0,0.0,0.2,0.0,0.0,0.0,0.0,0.06666666666666667,0.0,0.06666666666666667,0.0,0.06666666666666667,0.0,0.0,0.0,0.0,0.06666666666666667,0.0,0.06666666666666667,0.06666666666666667,0.06666666666666667,0.06666666666666667,0.06666666666666667,0.0,0.0,0.0,0.0,0.13333333333333333,0.0
2019-03-20,0.07692307692307693,0.15384615384615385,0.07692307692307693,0.0,0.23076923076923078,0.0,0.0,0.0,0.0,0.07692307692307693,0.0,0.15384615384615385,0.0,0.15384615384615385,0.07692307692307693,0.0,0.0,0.0,0.0,0.0,0.0,0.0,0.0,0.0,0.0,0.0,0.0,0.0,0.0,0.0
2019-03-27,0.0,0.07692307692307693,0.0,0.07692307692307693,0.0,0.0,0.0,0.07692307692307693,0.0,0.07692307692307693,0.07692307692307693,0.0,0.15384615384615385,0.07692307692307693,0.0,0.0,0.07692307692307693,0.0,0.0,0.07692307692307693,0.0,0.0,0.0,0.0,0.0,0.07692307692307693,0.07692307692307693,0.0,0.0,0.07692307692307693
2019-04-05,0.0,0.0,0.08333333333333333,0.08333333333333333,0.0,0.08333333333333333,0.0,0.0,0.0,0.08333333333333333,0.0,0.08333333333333333,0.0,0.0,0.0,0.0,0.0,0.08333333333333333,0.0,0.0,0.08333333333333333,0.0,0.08333333333333333,0.08333333333333333,0.08333333333333333,0.08333333333333333,0.08333333333333333,0.0,0.0,0.0
2019-04-09,0.0,0.0,0.0,0.0,0.0,0.0,0.1,0.0,0.0,0.3,0.0,0.0,0.1,0.0,0.0,0.1,0.0,0.0,0.0,0.0,0.0,0.0,0.0,0.0,0.1,0.0,0.1,0.0,0.1,0.1
2019-04-23,0.030303030303030304,0.0,0.12121212121212122,0.030303030303030304,0.030303030303030304,0.030303030303030304,0.0,0.06060606060606061,0.030303030303030304,0.0,0.0,0.030303030303030304,0.030303030303030304,0.0,0.0,0.0,0.030303030303030304,0.06060606060606061,0.09090909090909091,0.030303030303030304,0.030303030303030304,0.06060606060606061,0.09090909090909091,0.030303030303030304,0.030303030303030304,0.030303030303030304,0.0,0.09090909090909091,0.0,0.030303030303030304
2019-04-25,0.0,0.13333333333333333,0.0,0.03333333333333333,0.1,0.03333333333333333,0.03333333333333333,0.03333333333333333,0.03333333333333333,0.03333333333333333,0.0,0.1,0.0,0.0,0.0,0.1,0.03333333333333333,0.0,0.0,0.1,0.06666666666666667,0.03333333333333333,0.0,0.03333333333333333,0.03333333333333333,0.0,0.03333333333333333,0.0,0.0,0.03333333333333333
2019-04-29,0.0,0.0,0.14285714285714285,0.0,0.0,0.0,0.0,0.0,0.0,0.0,0.0,0.14285714285714285,0.0,0.0,0.0,0.14285714285714285,0.14285714285714285,0.0,0.0,0.0,0.2857142857142857,0.0,0.0,0.0,0.14285714285714285,0.0,0.0,0.0,0.0,0.0
2019-04-30,0.01904761904761905,0.0380952380952381,0.009523809523809525,0.009523809523809525,0.047619047619047616,0.01904761904761905,0.0380952380952381,0.02857142857142857,0.047619047619047616,0.02857142857142857,0.0380952380952381,0.0380952380952381,0.01904761904761905,0.02857142857142857,0.0380952380952381,0.02857142857142857,0.01904761904761905,0.05714285714285714,0.047619047619047616,0.0380952380952381,0.06666666666666667,0.02857142857142857,0.0380952380952381,0.02857142857142857,0.01904761904761905,0.02857142857142857,0.02857142857142857,0.02857142857142857,0.047619047619047616,0.047619047619047616
2019-05-06,0.0,0.0,0.0,0.0,0.0,0.0,0.0,0.0,0.0,0.0,0.0,0.0,0.0,0.0,0.0,0.2,0.2,0.0,0.0,0.0,0.2,0.0,0.0,0.0,0.0,0.0,0.0,0.0,0.2,0.2
2019-05-07,0.0,0.05714285714285714,0.02857142857142857,0.0,0.0,0.0,0.0,0.0,0.05714285714285714,0.05714285714285714,0.02857142857142857,0.0,0.05714285714285714,0.11428571428571428,0.02857142857142857,0.02857142857142857,0.0,0.02857142857142857,0.0,0.0,0.08571428571428572,0.02857142857142857,0.05714285714285714,0.02857142857142857,0.02857142857142857,0.08571428571428572,0.02857142857142857,0.05714285714285714,0.02857142857142857,0.08571428571428572
2019-05-14,0.05555555555555555,0.027777777777777776,0.027777777777777776,0.05555555555555555,0.0,0.08333333333333333,0.027777777777777776,0.0,0.027777777777777776,0.0,0.0,0.05555555555555555,0.0,0.0,0.0,0.0,0.027777777777777776,0.08333333333333333,0.05555555555555555,0.0,0.08333333333333333,0.1111111111111111,0.027777777777777776,0.027777777777777776,0.0,0.08333333333333333,0.08333333333333333,0.05555555555555555,0.0,0.0
2019-05-15,0.05263157894736842,0.10526315789473684,0.0,0.05263157894736842,0.0,0.05263157894736842,0.0,0.0,0.05263157894736842,0.15789473684210525,0.10526315789473684,0.0,0.05263157894736842,0.05263157894736842,0.0,0.0,0.0,0.0,0.0,0.0,0.0,0.0,0.0,0.05263157894736842,0.0,0.10526315789473684,0.05263157894736842,0.05263157894736842,0.0,0.05263157894736842
2019-06-03,0.05263157894736842,0.02631578947368421,0.0,0.0,0.02631578947368421,0.13157894736842105,0.07894736842105263,0.07894736842105263,0.0,0.0,0.02631578947368421,0.05263157894736842,0.02631578947368421,0.02631578947368421,0.02631578947368421,0.10526315789473684,0.02631578947368421,0.0,0.0,0.02631578947368421,0.07894736842105263,0.0,0.0,0.0,0.02631578947368421,0.0,0.05263157894736842,0.0,0.13157894736842105,0.0
2019-06-05,0.0,0.0,0.0,0.0,0.0,0.0,0.0,0.0,0.2,0.0,0.0,0.0,0.0,0.0,0.4,0.0,0.0,0.0,0.0,0.2,0.0,0.0,0.0,0.0,0.0,0.0,0.0,0.0,0.2,0.0
2019-06-07,0.0,0.0,0.0,0.0,0.125,0.0,0.0,0.0,0.125,0.0,0.0,0.0,0.0,0.125,0.125,0.0,0.0,0.0,0.125,0.0,0.0,0.0,0.0,0.0,0.125,0.0,0.125,0.0,0.0,0.125
2019-06-18,0.0,0.0,0.0,0.0,0.0,0.0,0.0,0.2,0.0,0.0,0.0,0.0,0.0,0.0,0.0,0.0,0.0,0.0,0.0,0.0,0.4,0.0,0.2,0.0,0.2,0.0,0.0,0.0,0.0,0.0
2019-06-19,0.0,0.09090909090909091,0.0,0.06060606060606061,0.030303030303030304,0.06060606060606061,0.030303030303030304,0.0,0.0,0.030303030303030304,0.030303030303030304,0.0,0.06060606060606061,0.030303030303030304,0.06060606060606061,0.030303030303030304,0.0,0.030303030303030304,0.0,0.030303030303030304,0.09090909090909091,0.06060606060606061,0.030303030303030304,0.030303030303030304,0.0,0.030303030303030304,0.030303030303030304,0.06060606060606061,0.030303030303030304,0.06060606060606061
2019-06-24,0.0,0.0,0.06666666666666667,0.06666666666666667,0.0,0.06666666666666667,0.0,0.0,0.0,0.13333333333333333,0.0,0.0,0.06666666666666667,0.0,0.0,0.0,0.13333333333333333,0.0,0.0,0.0,0.06666666666666667,0.06666666666666667,0.06666666666666667,0.0,0.13333333333333333,0.0,0.0,0.06666666666666667,0.0,0.06666666666666667
2019-06-27,0.0,0.0,0.0,0.0,0.2,0.0,0.0,0.0,0.2,0.0,0.0,0.2,0.0,0.2,0.0,0.0,0.0,0.0,0.0,0.0,0.0,0.2,0.0,0.0,0.0,0.0,0.0,0.0,0.0,0.0
2019-06-28,0.0,0.0,0.1,0.0,0.0,0.0,0.0,0.0,0.1,0.0,0.0,0.1,0.0,0.1,0.1,0.1,0.0,0.0,0.0,0.0,0.0,0.2,0.0,0.1,0.1,0.0,0.0,0.0,0.0,0.0
2019-07-09,0.0,0.06666666666666667,0.0,0.03333333333333333,0.0,0.0,0.03333333333333333,0.03333333333333333,0.0,0.03333333333333333,0.1,0.03333333333333333,0.06666666666666667,0.0,0.0,0.0,0.03333333333333333,0.1,0.03333333333333333,0.03333333333333333,0.1,0.03333333333333333,0.0,0.06666666666666667,0.03333333333333333,0.03333333333333333,0.0,0.06666666666666667,0.06666666666666667,0.0
2019-07-15,0.0,0.0,0.1,0.1,0.0,0.0,0.1,0.0,0.0,0.1,0.1,0.0,0.0,0.0,0.0,0.0,0.1,0.0,0.0,0.0,0.0,0.0,0.0,0.1,0.1,0.0,0.0,0.0,0.1,0.1
2019-07-25,0.0,0.05555555555555555,0.05555555555555555,0.05555555555555555,0.05555555555555555,0.05555555555555555,0.08333333333333333,0.05555555555555555,0.027777777777777776,0.027777777777777776,0.0,0.0,0.0,0.027777777777777776,0.027777777777777776,0.0,0.0,0.027777777777777776,0.0,0.0,0.1388888888888889,0.1111111111111111,0.027777777777777776,0.05555555555555555,0.027777777777777776,0.027777777777777776,0.027777777777777776,0.0,0.0,0.027777777777777776
2019-07-26,0.010101010101010102,0.020202020202020204,0.030303030303030304,0.0,0.06060606060606061,0.04040404040404041,0.010101010101010102,0.020202020202020204,0.050505050505050504,0.050505050505050504,0.010101010101010102,0.020202020202020204,0.04040404040404041,0.050505050505050504,0.020202020202020204,0.030303030303030304,0.020202020202020204,0.030303030303030304,0.030303030303030304,0.050505050505050504,0.0707070707070707,0.030303030303030304,0.0707070707070707,0.010101010101010102,0.04040404040404041,0.04040404040404041,0.04040404040404041,0.0,0.04040404040404041,0.06060606060606061
2019-08-01,0.0,0.06666666666666667,0.06666666666666667,0.0,0.0,0.0,0.0,0.06666666666666667,0.0,0.06666666666666667,0.0,0.0,0.06666666666666667,0.06666666666666667,0.06666666666666667,0.06666666666666667,0.06666666666666667,0.0,0.0,0.0,0.06666666666666667,0.06666666666666667,0.0,0.06666666666666667,0.0,0.13333333333333333,0.0,0.0,0.06666666666666667,0.0
2019-08-05,0.0,0.07692307692307693,0.0,0.0,0.0,0.0,0.0,0.0,0.07692307692307693,0.0,0.07692307692307693,0.07692307692307693,0.0,0.07692307692307693,0.15384615384615385,0.0,0.0,0.0,0.07692307692307693,0.0,0.0,0.0,0.07692307692307693,0.07692307692307693,0.0,0.15384615384615385,0.0,0.07692307692307693,0.0,0.0
2019-08-07,0.0,0.1111111111111111,0.0,0.0,0.0,0.0,0.0,0.0,0.0,0.1111111111111111,0.0,0.0,0.0,0.3333333333333333,0.1111111111111111,0.0,0.1111111111111111,0.0,0.0,0.0,0.0,0.0,0.0,0.0,0.0,0.0,0.1111111111111111,0.0,0.0,0.1111111111111111
2019-08-22,0.0,0.2,0.0,0.0,0.0,0.0,0.0,0.0,0.0,0.0,0.2,0.0,0.0,0.0,0.0,0.2,0.0,0.0,0.0,0.0,0.0,0.2,0.0,0.0,0.0,0.0,0.0,0.0,0.0,0.2
2019-08-27,0.05,0.0,0.05,0.025,0.0,0.05,0.0,0.025,0.075,0.05,0.0,0.05,0.0,0.05,0.025,0.05,0.025,0.075,0.025,0.075,0.075,0.0,0.025,0.075,0.025,0.05,0.025,0.025,0.0,0.0
2019-08-28,0.0,0.0,0.05405405405405406,0.013513513513513514,0.06756756756756757,0.05405405405405406,0.05405405405405406,0.0,0.05405405405405406,0.013513513513513514,0.02702702702702703,0.04054054054054054,0.04054054054054054,0.02702702702702703,0.02702702702702703,0.013513513513513514,0.04054054054054054,0.013513513513513514,0.02702702702702703,0.02702702702702703,0.05405405405405406,0.013513513513513514,0.02702702702702703,0.02702702702702703,0.013513513513513514,0.04054054054054054,0.05405405405405406,0.08108108108108109,0.05405405405405406,0.04054054054054054
2019-08-30,0.0,0.0,0.0,0.0,0.4,0.0,0.0,0.0,0.0,0.0,0.0,0.2,0.0,0.0,0.2,0.0,0.0,0.2,0.0,0.0,0.0,0.0,0.0,0.0,0.0,0.0,0.0,0.0,0.0,0.0
2019-09-03,0.0,0.0,0.0,0.0,0.0,0.16666666666666666,0.0,0.0,0.16666666666666666,0.0,0.0,0.16666666666666666,0.0,0.0,0.0,0.0,0.0,0.0,0.0,0.16666666666666666,0.16666666666666666,0.0,0.16666666666666666,0.0,0.0,0.0,0.0,0.0,0.0,0.0
2019-09-05,0.1111111111111111,0.037037037037037035,0.0,0.0,0.037037037037037035,0.037037037037037035,0.037037037037037035,0.0,0.0,0.037037037037037035,0.0,0.07407407407407407,0.037037037037037035,0.1111111111111111,0.0,0.037037037037037035,0.0,0.037037037037037035,0.0,0.0,0.037037037037037035,0.037037037037037035,0.07407407407407407,0.1111111111111111,0.037037037037037035,0.0,0.07407407407407407,0.037037037037037035,0.0,0.0
2019-09-06,0.0,0.0,0.0,0.0,0.0,0.0,0.0,0.0,0.0,0.0,0.0,0.25,0.0,0.0,0.0,0.0,0.0,0.0,0.0,0.0,0.0,0.0,0.25,0.25,0.0,0.25,0.0,0.0,0.0,0.0
2019-09-11,0.0,0.0,0.0,0.0,0.0,0.07142857142857142,0.0,0.07142857142857142,0.07142857142857142,0.14285714285714285,0.0,0.07142857142857142,0.0,0.07142857142857142,0.0,0.14285714285714285,0.07142857142857142,0.0,0.0,0.0,0.0,0.0,0.0,0.0,0.0,0.0,0.0,0.14285714285714285,0.0,0.14285714285714285
2019-09-12,0.0,0.0,0.1,0.0,0.1,0.0,0.0,0.0,0.0,0.0,0.0,0.0,0.0,0.3,0.0,0.2,0.0,0.0,0.0,0.1,0.1,0.0,0.0,0.0,0.0,0.1,0.0,0.0,0.0,0.0
2019-09-19,0.0,0.0,0.0,0.0,0.0,0.0,0.0,0.0,0.0,0.25,0.0,0.25,0.0,0.25,0.0,0.0,0.0,0.0,0.0,0.0,0.0,0.25,0.0,0.0,0.0,0.0,0.0,0.0,0.0,0.0
2019-09-23,0.0,0.0,0.0,0.0,0.0,0.0,0.2,0.0,0.0,0.0,0.0,0.0,0.0,0.0,0.0,0.2,0.0,0.0,0.0,0.0,0.0,0.2,0.0,0.0,0.0,0.0,0.2,0.0,0.2,0.0
2019-09-25,0.0,0.125,0.0,0.0,0.0,0.0,0.125,0.0,0.0,0.0,0.0,0.0,0.0,0.0,0.0,0.0,0.0,0.125,0.0,0.0,0.0,0.0,0.125,0.125,0.0,0.125,0.0,0.0,0.0,0.25
2019-10-02,0.027777777777777776,0.027777777777777776,0.08333333333333333,0.05555555555555555,0.0,0.027777777777777776,0.0,0.027777777777777776,0.0,0.027777777777777776,0.0,0.05555555555555555,0.08333333333333333,0.05555555555555555,0.05555555555555555,0.027777777777777776,0.027777777777777776,0.05555555555555555,0.027777777777777776,0.0,0.0,0.05555555555555555,0.027777777777777776,0.0,0.08333333333333333,0.027777777777777776,0.027777777777777776,0.05555555555555555,0.0,0.05555555555555555
2019-10-10,0.0,0.0,0.0,0.07142857142857142,0.0,0.0,0.0,0.07142857142857142,0.07142857142857142,0.0,0.0,0.0,0.0,0.07142857142857142,0.0,0.07142857142857142,0.0,0.07142857142857142,0.14285714285714285,0.0,0.0,0.0,0.07142857142857142,0.0,0.07142857142857142,0.14285714285714285,0.07142857142857142,0.0,0.07142857142857142,0.0
2019-10-15,0.05,0.0,0.05,0.0,0.0,0.0,0.0,0.05,0.05,0.0,0.05,0.0,0.0,0.1,0.05,0.0,0.05,0.05,0.0,0.05,0.05,0.1,0.0,0.0,0.0,0.0,0.0,0.15,0.05,0.1
2019-10-16,0.0,0.0,0.1111111111111111,0.0,0.0,0.1111111111111111,0.0,0.1111111111111111,0.1111111111111111,0.0,0.0,0.0,0.0,0.0,0.0,0.0,0.0,0.0,0.0,0.3333333333333333,0.0,0.1111111111111111,0.0,0.0,0.0,0.0,0.1111111111111111,0.0,0.0,0.0
2019-10-22,0.0,0.0,0.0,0.0,0.0,0.0,0.0,0.09090909090909091,0.18181818181818182,0.09090909090909091,0.18181818181818182,0.0,0.0,0.0,0.0,0.18181818181818182,0.0,0.0,0.0,0.0,0.09090909090909091,0.0,0.09090909090909091,0.0,0.09090909090909091,0.0,0.0,0.0,0.0,0.0
2019-10-28,0.10714285714285714,0.07142857142857142,0.03571428571428571,0.03571428571428571,0.10714285714285714,0.0,0.0,0.07142857142857142,0.03571428571428571,0.0,0.07142857142857142,0.07142857142857142,0.03571428571428571,0.03571428571428571,0.0,0.0,0.0,0.0,0.0,0.0,0.03571428571428571,0.03571428571428571,0.0,0.03571428571428571,0.03571428571428571,0.03571428571428571,0.03571428571428571,0.07142857142857142,0.03571428571428571,0.0
2019-10-29,0.0,0.07142857142857142,0.0,0.07142857142857142,0.0,0.0,0.0,0.0,0.0,0.0,0.0,0.07142857142857142,0.07142857142857142,0.0,0.07142857142857142,0.07142857142857142,0.0,0.0,0.0,0.07142857142857142,0.0,0.0,0.14285714285714285,0.0,0.07142857142857142,0.0,0.07142857142857142,0.07142857142857142,0.07142857142857142,0.07142857142857142
2019-10-31,0.0,0.0,0.06666666666666667,0.0,0.06666666666666667,0.0,0.06666666666666667,0.06666666666666667,0.06666666666666667,0.06666666666666667,0.06666666666666667,0.0,0.0,0.0,0.0,0.13333333333333333,0.0,0.0,0.06666666666666667,0.0,0.0,0.06666666666666667,0.06666666666666667,0.0,0.0,0.06666666666666667,0.06666666666666667,0.06666666666666667,0.0,0.0
2019-11-01,0.0,0.0,0.0,0.0,0.0,0.0,0.0,0.0,0.3333333333333333,0.0,0.0,0.3333333333333333,0.0,0.0,0.0,0.0,0.0,0.0,0.0,0.0,0.3333333333333333,0.0,0.0,0.0,0.0,0.0,0.0,0.0,0.0,0.0
2019-11-07,0.06666666666666667,0.0,0.03333333333333333,0.0,0.0,0.0,0.06666666666666667,0.06666666666666667,0.03333333333333333,0.03333333333333333,0.06666666666666667,0.0,0.03333333333333333,0.0,0.06666666666666667,0.1,0.06666666666666667,0.03333333333333333,0.03333333333333333,0.03333333333333333,0.03333333333333333,0.0,0.06666666666666667,0.03333333333333333,0.03333333333333333,0.0,0.03333333333333333,0.0,0.03333333333333333,0.03333333333333333
2019-11-11,0.2,0.0,0.0,0.0,0.0,0.0,0.0,0.0,0.0,0.0,0.0,0.0,0.0,0.2,0.0,0.0,0.0,0.0,0.2,0.0,0.2,0.0,0.0,0.0,0.0,0.0,0.0,0.0,0.0,0.2
2019-11-13,0.0,0.0,0.0,0.0,0.0,0.0,0.0,0.0,0.0,0.0,0.0,0.2,0.0,0.0,0.0,0.0,0.2,0.0,0.0,0.0,0.0,0.0,0.2,0.0,0.2,0.2,0.0,0.0,0.0,0.0
2019-11-14,0.0,0.0,0.0,0.14285714285714285,0.0,0.0,0.14285714285714285,0.0,0.0,0.0,0.0,0.14285714285714285,0.0,0.0,0.0,0.0,0.0,0.14285714285714285,0.0,0.14285714285714285,0.0,0.14285714285714285,0.14285714285714285,0.0,0.0,0.0,0.0,0.0,0.0,0.0
2019-11-15,0.06666666666666667,0.0,0.06666666666666667,0.0,0.0,0.0,0.13333333333333333,0.06666666666666667,0.06666666666666667,0.0,0.2,0.0,0.06666666666666667,0.06666666666666667,0.0,0.0,0.06666666666666667,0.0,0.06666666666666667,0.0,0.0,0.0,0.06666666666666667,0.0,0.0,0.06666666666666667,0.0,0.0,0.0,0.0
2019-11-19,0.0,0.0,0.0,0.0,0.0,0.0,0.0,0.0,0.0,0.0,0.0,0.0,0.25,0.0,0.0,0.0,0.0,0.0,0.0,0.0,0.25,0.25,0.0,0.0,0.0,0.0,0.0,0.0,0.25,0.0
2019-11-20,0.0,0.0,0.0,0.0,0.0,0.14285714285714285,0.0,0.0,0.0,0.14285714285714285,0.0,0.14285714285714285,0.0,0.0,0.0,0.0,0.0,0.14285714285714285,0.0,0.0,0.0,0.0,0.0,0.14285714285714285,0.2857142857142857,0.0,0.0,0.0,0.0,0.0
2019-11-21,0.0,0.07692307692307693,0.07692307692307693,0.07692307692307693,0.07692307692307693,0.0,0.0,0.07692307692307693,0.07692307692307693,0.0,0.0,0.0,0.0,0.07692307692307693,0.07692307692307693,0.0,0.0,0.0,0.07692307692307693,0.0,0.0,0.0,0.0,0.0,0.07692307692307693,0.0,0.07692307692307693,0.07692307692307693,0.07692307692307693,0.0
2019-12-03,0.04878048780487805,0.0,0.04878048780487805,0.0,0.07317073170731707,0.07317073170731707,0.024390243902439025,0.024390243902439025,0.0,0.0,0.0,0.04878048780487805,0.024390243902439025,0.0,0.024390243902439025,0.024390243902439025,0.04878048780487805,0.04878048780487805,0.04878048780487805,0.07317073170731707,0.12195121951219512,0.0,0.024390243902439025,0.024390243902439025,0.04878048780487805,0.04878048780487805,0.04878048780487805,0.0,0.024390243902439025,0.024390243902439025
2019-12-04,0.016,0.032,0.056,0.056,0.024,0.064,0.032,0.032,0.04,0.032,0.016,0.056,0.072,0.04,0.04,0.032,0.024,0.04,0.04,0.032,0.024,0.024,0.016,0.04,0.032,0.024,0.016,0.016,0.008,0.024
2019-12-05,0.0,0.0,0.0,0.0,0.0,0.0,0.0,0.0,0.0,0.0,0.0,0.0,0.0,0.0,0.0,0.4,0.2,0.0,0.0,0.4,0.0,0.0,0.0,0.0,0.0,0.0,0.0,0.0,0.0,0.0
2019-12-06,0.0,0.0,0.0,0.0,0.0,0.0,0.0,0.0,0.0,0.0,0.0,0.2,0.2,0.0,0.0,0.0,0.0,0.0,0.0,0.0,0.2,0.2,0.0,0.0,0.0,0.0,0.0,0.0,0.2,0.0
2019-12-09,0.0,0.0,0.0,0.0,0.0,0.0,0.16666666666666666,0.0,0.0,0.0,0.0,0.16666666666666666,0.0,0.0,0.0,0.16666666666666666,0.0,0.0,0.0,0.0,0.0,0.0,0.0,0.0,0.0,0.0,0.0,0.16666666666666666,0.3333333333333333,0.0
2019-12-10,0.07692307692307693,0.07692307692307693,0.0,0.0,0.0,0.23076923076923078,0.0,0.0,0.0,0.0,0.0,0.0,0.0,0.0,0.07692307692307693,0.0,0.07692307692307693,0.07692307692307693,0.0,0.0,0.0,0.0,0.07692307692307693,0.0,0.0,0.0,0.15384615384615385,0.0,0.0,0.15384615384615385
2019-12-20,0.0,0.0625,0.0625,0.0625,0.0,0.0625,0.0,0.0,0.0625,0.0625,0.0,0.0625,0.0,0.0625,0.0,0.125,0.125,0.0,0.0,0.0,0.0,0.0,0.0625,0.0,0.0625,0.0625,0.0,0.0625,0.0,0.0
2019-12-31,0.0,0.0,0.0,0.0,0.045454545454545456,0.0,0.0,0.09090909090909091,0.045454545454545456,0.045454545454545456,0.0,0.0,0.0,0.045454545454545456,0.045454545454545456,0.045454545454545456,0.045454545454545456,0.045454545454545456,0.045454545454545456,0.045454545454545456,0.045454545454545456,0.045454545454545456,0.045454545454545456,0.045454545454545456,0.0,0.0,0.0,0.045454545454545456,0.045454545454545456,0.18181818181818182
2020-01-06,0.029411764705882353,0.058823529411764705,0.058823529411764705,0.029411764705882353,0.029411764705882353,0.029411764705882353,0.029411764705882353,0.0,0.058823529411764705,0.058823529411764705,0.0,0.0,0.029411764705882353,0.029411764705882353,0.11764705882352941,0.0,0.058823529411764705,0.029411764705882353,0.0,0.029411764705882353,0.0,0.029411764705882353,0.08823529411764706,0.058823529411764705,0.029411764705882353,0.08823529411764706,0.0,0.0,0.0,0.029411764705882353
2020-01-07,0.0,0.0,0.0,0.0,0.0,0.0,0.0,0.0,0.0,0.0,0.0,0.2,0.0,0.0,0.0,0.2,0.2,0.0,0.0,0.2,0.0,0.0,0.2,0.0,0.0,0.0,0.0,0.0,0.0,0.0
2020-01-10,0.0196078431372549,0.0392156862745098,0.0196078431372549,0.0,0.0392156862745098,0.0392156862745098,0.0196078431372549,0.0,0.0196078431372549,0.0196078431372549,0.0196078431372549,0.0392156862745098,0.0784313725490196,0.0392156862745098,0.0,0.0196078431372549,0.0196078431372549,0.0,0.0392156862745098,0.058823529411764705,0.11764705882352941,0.0784313725490196,0.0784313725490196,0.058823529411764705,0.0196078431372549,0.0,0.0196078431372549,0.0392156862745098,0.058823529411764705,0.0
2020-01-16,0.0,0.0,0.0,0.0,0.0,0.0,0.0,0.0,0.3333333333333333,0.0,0.0,0.0,0.0,0.0,0.0,0.0,0.0,0.0,0.0,0.3333333333333333,0.0,0.0,0.0,0.3333333333333333,0.0,0.0,0.0,0.0,0.0,0.0
2020-01-22,0.06666666666666667,0.0,0.06666666666666667,0.06666666666666667,0.0,0.06666666666666667,0.06666666666666667,0.13333333333333333,0.13333333333333333,0.0,0.0,0.0,0.0,0.0,0.0,0.0,0.0,0.06666666666666667,0.06666666666666667,0.0,0.06666666666666667,0.0,0.0,0.0,0.0,0.06666666666666667,0.06666666666666667,0.06666666666666667,0.0,0.0
2020-01-23,0.0,0.0,0.0,0.0,0.0,0.0,0.0,0.0,0.0,0.0,0.0,0.25,0.0,0.25,0.0,0.25,0.0,0.0,0.0,0.0,0.0,0.0,0.0,0.25,0.0,0.0,0.0,0.0,0.0,0.0
2020-01-29,0.0,0.0,0.0,0.0,0.0,0.0,0.0,0.0,0.2222222222222222,0.0,0.2222222222222222,0.0,0.0,0.0,0.1111111111111111,0.0,0.0,0.1111111111111111,0.0,0.0,0.1111111111111111,0.0,0.0,0.1111111111111111,0.0,0.0,0.0,0.0,0.1111111111111111,0.0
2020-02-03,0.02564102564102564,0.10256410256410256,0.0,0.07692307692307693,0.05128205128205128,0.0,0.05128205128205128,0.02564102564102564,0.0,0.02564102564102564,0.02564102564102564,0.02564102564102564,0.02564102564102564,0.05128205128205128,0.0,0.0,0.02564102564102564,0.02564102564102564,0.10256410256410256,0.0,0.02564102564102564,0.05128205128205128,0.05128205128205128,0.02564102564102564,0.0,0.02564102564102564,0.0,0.02564102564102564,0.05128205128205128,0.10256410256410256
2020-02-04,0.1,0.0,0.0,0.0,0.0,0.1,0.0,0.1,0.0,0.1,0.1,0.0,0.0,0.0,0.0,0.1,0.0,0.1,0.0,0.0,0.0,0.0,0.1,0.0,0.0,0.1,0.0,0.1,0.0,0.0
2020-02-14,0.0,0.0,0.0,0.0,0.0,0.4,0.0,0.0,0.0,0.0,0.4,0.0,0.2,0.0,0.0,0.0,0.0,0.0,0.0,0.0,0.0,0.0,0.0,0.0,0.0,0.0,0.0,0.0,0.0,0.0
2020-02-20,0.0,0.0,0.0,0.06666666666666667,0.0,0.06666666666666667,0.0,0.0,0.0,0.0,0.06666666666666667,0.0,0.06666666666666667,0.0,0.0,0.0,0.06666666666666667,0.0,0.06666666666666667,0.0,0.0,0.06666666666666667,0.0,0.06666666666666667,0.0,0.13333333333333333,0.0,0.06666666666666667,0.06666666666666667,0.2
2020-02-21,0.07692307692307693,0.07692307692307693,0.0,0.0,0.07692307692307693,0.15384615384615385,0.0,0.0,0.0,0.0,0.0,0.0,0.0,0.0,0.0,0.0,0.0,0.07692307692307693,0.0,0.0,0.0,0.07692307692307693,0.07692307692307693,0.07692307692307693,0.15384615384615385,0.07692307692307693,0.0,0.0,0.0,0.07692307692307693
2020-02-26,0.0,0.0,0.0,0.0,0.0,0.0,0.0,0.0,0.0,0.0,0.0,0.16666666666666666,0.0,0.16666666666666666,0.16666666666666666,0.0,0.16666666666666666,0.16666666666666666,0.0,0.0,0.0,0.16666666666666666,0.0,0.0,0.0,0.0,0.0,0.0,0.0,0.0
2020-02-28,0.0,0.0,0.0,0.0,0.0,0.0,0.0,0.0,0.0,0.0,0.2,0.0,0.2,0.0,0.2,0.0,0.0,0.0,0.2,0.0,0.0,0.0,0.0,0.0,0.0,0.0,0.0,0.0,0.2,0.0
2020-03-02,0.125,0.08333333333333333,0.0,0.0,0.0,0.0,0.08333333333333333,0.0,0.0,0.0,0.0,0.0,0.041666666666666664,0.041666666666666664,0.0,0.041666666666666664,0.08333333333333333,0.0,0.0,0.125,0.041666666666666664,0.0,0.041666666666666664,0.125,0.0,0.0,0.041666666666666664,0.041666666666666664,0.041666666666666664,0.041666666666666664
2020-03-03,0.0,0.0,0.1111111111111111,0.0,0.1111111111111111,0.0,0.1111111111111111,0.0,0.0,0.0,0.0,0.0,0.0,0.0,0.0,0.0,0.0,0.0,0.2222222222222222,0.0,0.0,0.0,0.1111111111111111,0.0,0.0,0.0,0.1111111111111111,0.2222222222222222,0.0,0.0
2020-03-04,0.02564102564102564,0.02564102564102564,0.02564102564102564,0.02564102564102564,0.07692307692307693,0.10256410256410256,0.1282051282051282,0.07692307692307693,0.0,0.0,0.07692307692307693,0.0,0.10256410256410256,0.02564102564102564,0.02564102564102564,0.0,0.02564102564102564,0.0,0.0,0.05128205128205128,0.02564102564102564,0.02564102564102564,0.0,0.02564102564102564,0.05128205128205128,0.0,0.0,0.02564102564102564,0.05128205128205128,0.0
2020-03-05,0.0,0.0,0.0,0.0,0.0,0.0,0.0,0.0,0.14285714285714285,0.0,0.0,0.0,0.0,0.0,0.0,0.14285714285714285,0.14285714285714285,0.14285714285714285,0.14285714285714285,0.0,0.0,0.0,0.14285714285714285,0.0,0.0,0.14285714285714285,0.0,0.0,0.0,0.0
2020-03-06,0.0,0.0,0.2,0.0,0.0,0.0,0.2,0.0,0.0,0.0,0.0,0.0,0.0,0.0,0.2,0.0,0.0,0.0,0.0,0.0,0.0,0.0,0.2,0.0,0.0,0.0,0.2,0.0,0.0,0.0
2020-03-10,0.0,0.0,0.14285714285714285,0.0,0.0,0.2857142857142857,0.2857142857142857,0.0,0.0,0.0,0.0,0.0,0.0,0.0,0.0,0.0,0.0,0.0,0.0,0.0,0.14285714285714285,0.0,0.0,0.0,0.0,0.0,0.0,0.0,0.0,0.14285714285714285
2020-03-13,0.0,0.0,0.0,0.0,0.0,0.0,0.2,0.0,0.0,0.0,0.2,0.0,0.0,0.0,0.0,0.0,0.0,0.0,0.0,0.0,0.0,0.2,0.2,0.0,0.0,0.0,0.0,0.0,0.0,0.2
2020-03-16,0.0,0.0,0.0,0.041666666666666664,0.0,0.0,0.0,0.0,0.08333333333333333,0.08333333333333333,0.08333333333333333,0.08333333333333333,0.0,0.0,0.0,0.041666666666666664,0.041666666666666664,0.041666666666666664,0.041666666666666664,0.041666666666666664,0.08333333333333333,0.041666666666666664,0.041666666666666664,0.0,0.125,0.0,0.041666666666666664,0.041666666666666664,0.041666666666666664,0.0
2020-03-17,0.2,0.0,0.0,0.0,0.0,0.0,0.0,0.0,0.0,0.0,0.0,0.2,0.0,0.2,0.0,0.0,0.0,0.0,0.0,0.0,0.2,0.0,0.0,0.0,0.0,0.0,0.2,0.0,0.0,0.0
2020-03-20,0.0,0.1111111111111111,0.0,0.0,0.0,0.0,0.0,0.0,0.0,0.1111111111111111,0.0,0.0,0.0,0.0,0.0,0.0,0.0,0.0,0.1111111111111111,0.0,0.2222222222222222,0.0,0.0,0.1111111111111111,0.0,0.0,0.1111111111111111,0.0,0.1111111111111111,0.1111111111111111
2020-03-27,0.0,0.0,0.0,0.0,0.0,0.0,0.0,0.4,0.2,0.0,0.0,0.0,0.0,0.0,0.0,0.0,0.0,0.0,0.0,0.0,0.2,0.2,0.0,0.0,0.0,0.0,0.0,0.0,0.0,0.0
2020-03-31,0.05555555555555555,0.1111111111111111,0.0,0.0,0.0,0.0,0.05555555555555555,0.0,0.05555555555555555,0.0,0.1111111111111111,0.0,0.05555555555555555,0.16666666666666666,0.05555555555555555,0.0,0.05555555555555555,0.0,0.0,0.05555555555555555,0.0,0.0,0.0,0.0,0.05555555555555555,0.0,0.0,0.05555555555555555,0.05555555555555555,0.05555555555555555
2020-04-03,0.030303030303030304,0.09090909090909091,0.06060606060606061,0.030303030303030304,0.030303030303030304,0.030303030303030304,0.0,0.0,0.030303030303030304,0.0,0.030303030303030304,0.030303030303030304,0.06060606060606061,0.06060606060606061,0.030303030303030304,0.06060606060606061,0.030303030303030304,0.06060606060606061,0.0,0.0,0.030303030303030304,0.030303030303030304,0.030303030303030304,0.06060606060606061,0.06060606060606061,0.06060606060606061,0.030303030303030304,0.0,0.030303030303030304,0.0
2020-04-08,0.05263157894736842,0.0,0.0,0.05263157894736842,0.05263157894736842,0.05263157894736842,0.0,0.21052631578947367,0.0,0.10526315789473684,0.0,0.05263157894736842,0.0,0.05263157894736842,0.0,0.0,0.0,0.0,0.05263157894736842,0.05263157894736842,0.05263157894736842,0.05263157894736842,0.0,0.05263157894736842,0.0,0.0,0.0,0.0,0.05263157894736842,0.05263157894736842
2020-04-15,0.25,0.0,0.0,0.0,0.0,0.0,0.0,0.0,0.0,0.0,0.0,0.0,0.5,0.0,0.0,0.0,0.0,0.0,0.0,0.0,0.0,0.0,0.0,0.0,0.0,0.25,0.0,0.0,0.0,0.0
2020-04-17,0.0,0.0625,0.0,0.0,0.0,0.0,0.0625,0.0,0.0,0.0625,0.0625,0.125,0.0,0.0,0.0625,0.0625,0.0625,0.0625,0.125,0.125,0.0625,0.0,0.0,0.0,0.0,0.0,0.0625,0.0,0.0,0.0
2020-04-20,0.125,0.0,0.0,0.0,0.0625,0.0625,0.0,0.125,0.0,0.0625,0.0625,0.0,0.0,0.0625,0.0,0.0,0.0625,0.0,0.125,0.0,0.0,0.0625,0.0,0.0625,0.0,0.0,0.0625,0.0,0.0625,0.0
2020-04-21,0.0,0.0,0.0,0.16666666666666666,0.0,0.0,0.25,0.0,0.0,0.0,0.16666666666666666,0.08333333333333333,0.0,0.0,0.0,0.0,0.0,0.0,0.08333333333333333,0.08333333333333333,0.0,0.0,0.0,0.08333333333333333,0.0,0.08333333333333333,0.0,0.0,0.0,0.0
2020-04-22,0.0,0.0,0.0,0.0,0.0,0.1111111111111111,0.0,0.1111111111111111,0.0,0.1111111111111111,0.1111111111111111,0.0,0.1111111111111111,0.0,0.0,0.0,0.0,0.0,0.0,0.0,0.1111111111111111,0.0,0.0,0.0,0.1111111111111111,0.0,0.0,0.1111111111111111,0.0,0.1111111111111111
2020-04-23,0.0,0.0,0.0,0.15384615384615385,0.07692307692307693,0.0,0.07692307692307693,0.0,0.0,0.07692307692307693,0.0,0.0,0.0,0.0,0.0,0.0,0.0,0.07692307692307693,0.0,0.0,0.07692307692307693,0.0,0.07692307692307693,0.0,0.15384615384615385,0.07692307692307693,0.07692307692307693,0.07692307692307693,0.0,0.0
2020-04-24,0.11764705882352941,0.058823529411764705,0.058823529411764705,0.0,0.0,0.11764705882352941,0.0,0.0,0.0,0.0,0.0,0.058823529411764705,0.11764705882352941,0.058823529411764705,0.058823529411764705,0.0,0.0,0.058823529411764705,0.0,0.058823529411764705,0.0,0.0,0.058823529411764705,0.0,0.058823529411764705,0.058823529411764705,0.0,0.058823529411764705,0.0,0.0
2020-04-28,0.05263157894736842,0.0,0.0,0.0,0.10526315789473684,0.02631578947368421,0.0,0.02631578947368421,0.02631578947368421,0.0,0.05263157894736842,0.07894736842105263,0.0,0.0,0.02631578947368421,0.07894736842105263,0.0,0.0,0.02631578947368421,0.15789473684210525,0.05263157894736842,0.02631578947368421,0.0,0.02631578947368421,0.02631578947368421,0.10526315789473684,0.05263157894736842,0.02631578947368421,0.0,0.02631578947368421
2020-04-29,0.021739130434782608,0.06521739130434782,0.043478260869565216,0.10869565217391304,0.021739130434782608,0.0,0.0,0.043478260869565216,0.021739130434782608,0.021739130434782608,0.043478260869565216,0.06521739130434782,0.06521739130434782,0.021739130434782608,0.043478260869565216,0.021739130434782608,0.043478260869565216,0.021739130434782608,0.043478260869565216,0.021739130434782608,0.021739130434782608,0.06521739130434782,0.021739130434782608,0.021739130434782608,0.021739130434782608,0.021739130434782608,0.021739130434782608,0.0,0.043478260869565216,0.021739130434782608
2020-04-30,0.0,0.0,0.0,0.0,0.0,0.0,0.08333333333333333,0.0,0.08333333333333333,0.08333333333333333,0.08333333333333333,0.08333333333333333,0.0,0.0,0.0,0.08333333333333333,0.0,0.0,0.08333333333333333,0.08333333333333333,0.16666666666666666,0.0,0.08333333333333333,0.0,0.0,0.0,0.0,0.0,0.0,0.08333333333333333
2020-05-04,0.0,0.06666666666666667,0.06666666666666667,0.06666666666666667,0.06666666666666667,0.0,0.06666666666666667,0.06666666666666667,0.0,0.06666666666666667,0.0,0.0,0.0,0.06666666666666667,0.0,0.0,0.0,0.0,0.0,0.06666666666666667,0.06666666666666667,0.0,0.0,0.13333333333333333,0.13333333333333333,0.0,0.0,0.0,0.0,0.06666666666666667
2020-05-07,0.09523809523809523,0.047619047619047616,0.14285714285714285,0.047619047619047616,0.0,0.0,0.047619047619047616,0.0,0.047619047619047616,0.047619047619047616,0.047619047619047616,0.047619047619047616,0.0,0.0,0.0,0.14285714285714285,0.047619047619047616,0.047619047619047616,0.0,0.0,0.0,0.0,0.0,0.047619047619047616,0.0,0.047619047619047616,0.0,0.0,0.0,0.09523809523809523
2020-05-08,0.11764705882352941,0.058823529411764705,0.0,0.0,0.058823529411764705,0.0,0.058823529411764705,0.0,0.0,0.058823529411764705,0.0,0.0,0.0,0.0,0.0,0.058823529411764705,0.0,0.0,0.11764705882352941,0.0,0.0,0.058823529411764705,0.0,0.0,0.0,0.058823529411764705,0.058823529411764705,0.058823529411764705,0.058823529411764705,0.17647058823529413
2020-05-12,0.0,0.0,0.0,0.0,0.0,0.0,0.0,0.16666666666666666,0.0,0.0,0.0,0.0,0.0,0.0,0.16666666666666666,0.0,0.0,0.0,0.16666666666666666,0.0,0.0,0.0,0.0,0.16666666666666666,0.0,0.0,0.0,0.3333333333333333,0.0,0.0
2020-05-13,0.0,0.0,0.0,0.2,0.1,0.0,0.0,0.0,0.0,0.0,0.0,0.0,0.0,0.1,0.0,0.0,0.1,0.1,0.0,0.0,0.1,0.1,0.0,0.1,0.0,0.0,0.0,0.0,0.0,0.1
2020-05-19,0.0,0.0,0.0,0.0,0.1,0.0,0.0,0.1,0.1,0.0,0.0,0.2,0.2,0.0,0.1,0.1,0.0,0.0,0.0,0.0,0.1,0.0,0.0,0.0,0.0,0.0,0.0,0.0,0.0,0.0
2020-05-20,0.0,0.0,0.0,0.0,0.0,0.0,0.0,0.0,0.0,0.0,0.1111111111111111,0.0,0.0,0.1111111111111111,0.0,0.0,0.0,0.0,0.0,0.1111111111111111,0.0,0.0,0.1111111111111111,0.0,0.1111111111111111,0.1111111111111111,0.2222222222222222,0.0,0.0,0.1111111111111111
2020-05-22,0.0,0.0,0.2,0.0,0.0,0.0,0.0,0.0,0.0,0.0,0.0,0.0,0.0,0.4,0.0,0.0,0.0,0.2,0.0,0.0,0.0,0.0,0.0,0.0,0.0,0.0,0.0,0.0,0.2,0.0
2020-05-26,0.0,0.0,0.0,0.0,0.0,0.4,0.0,0.0,0.0,0.2,0.4,0.0,0.0,0.0,0.0,0.0,0.0,0.0,0.0,0.0,0.0,0.0,0.0,0.0,0.0,0.0,0.0,0.0,0.0,0.0
2020-05-27,0.0,0.0,0.0,0.0,0.0625,0.0,0.0,0.0,0.0,0.0,0.0625,0.0,0.0,0.0625,0.0,0.125,0.125,0.0,0.0,0.0625,0.125,0.0625,0.0,0.0,0.0625,0.125,0.0,0.0,0.0625,0.0625
2020-05-28,0.0,0.0,0.0,0.0,0.0,0.14285714285714285,0.0,0.0,0.14285714285714285,0.0,0.0,0.0,0.0,0.14285714285714285,0.2857142857142857,0.0,0.0,0.0,0.0,0.14285714285714285,0.0,0.0,0.0,0.0,0.0,0.14285714285714285,0.0,0.0,0.0,0.0
2020-06-03,0.2,0.0,0.0,0.0,0.0,0.1,0.1,0.0,0.0,0.0,0.1,0.0,0.2,0.0,0.0,0.0,0.0,0.0,0.1,0.0,0.0,0.0,0.0,0.0,0.1,0.1,0.0,0.0,0.0,0.0
2020-06-05,0.0,0.0,0.0,0.0,0.0,0.0,0.0,0.0,0.0,0.0,0.0,0.2,0.0,0.2,0.0,0.0,0.2,0.0,0.0,0.0,0.2,0.0,0.0,0.0,0.2,0.0,0.0,0.0,0.0,0.0
2020-06-08,0.0,0.0,0.0,0.3333333333333333,0.16666666666666666,0.0,0.0,0.0,0.0,0.0,0.0,0.0,0.0,0.0,0.0,0.16666666666666666,0.0,0.16666666666666666,0.0,0.0,0.0,0.0,0.16666666666666666,0.0,0.0,0.0,0.0,0.0,0.0,0.0
2020-06-12,0.0,0.1111111111111111,0.0,0.0,0.0,0.0,0.1111111111111111,0.0,0.1111111111111111,0.1111111111111111,0.0,0.0,0.0,0.0,0.0,0.0,0.0,0.0,0.0,0.2222222222222222,0.0,0.1111111111111111,0.0,0.0,0.0,0.1111111111111111,0.0,0.0,0.1111111111111111,0.0
2020-06-17,0.0,0.047619047619047616,0.0,0.0,0.047619047619047616,0.047619047619047616,0.0,0.0,0.047619047619047616,0.047619047619047616,0.0,0.09523809523809523,0.0,0.0,0.0,0.0,0.047619047619047616,0.0,0.0,0.047619047619047616,0.047619047619047616,0.047619047619047616,0.0,0.09523809523809523,0.14285714285714285,0.047619047619047616,0.0,0.047619047619047616,0.047619047619047616,0.09523809523809523
2020-06-19,0.0,0.0,0.0,0.0,0.0,0.0,0.0,0.0,0.0,0.0,0.2,0.0,0.0,0.0,0.0,0.0,0.2,0.1,0.1,0.0,0.0,0.0,0.0,0.0,0.0,0.1,0.1,0.1,0.0,0.1
2020-06-22,0.0,0.04,0.0,0.08,0.08,0.0,0.0,0.0,0.12,0.0,0.04,0.0,0.0,0.04,0.04,0.08,0.08,0.0,0.04,0.0,0.04,0.08,0.0,0.08,0.04,0.0,0.0,0.04,0.04,0.04
2020-06-25,0.0,0.0,0.1111111111111111,0.1111111111111111,0.0,0.0,0.1111111111111111,0.0,0.0,0.0,0.1111111111111111,0.0,0.0,0.1111111111111111,0.0,0.0,0.0,0.0,0.0,0.1111111111111111,0.1111111111111111,0.0,0.0,0.0,0.0,0.1111111111111111,0.0,0.1111111111111111,0.0,0.0
2020-06-30,0.03571428571428571,0.03571428571428571,0.0,0.0,0.0,0.0,0.0,0.03571428571428571,0.0,0.10714285714285714,0.0,0.0,0.07142857142857142,0.0,0.07142857142857142,0.03571428571428571,0.10714285714285714,0.0,0.03571428571428571,0.0,0.03571428571428571,0.0,0.07142857142857142,0.0,0.10714285714285714,0.0,0.07142857142857142,0.07142857142857142,0.07142857142857142,0.03571428571428571
2020-07-01,0.0,0.09090909090909091,0.0,0.09090909090909091,0.0,0.09090909090909091,0.0,0.09090909090909091,0.09090909090909091,0.0,0.0,0.0,0.0,0.0,0.0,0.0,0.09090909090909091,0.0,0.09090909090909091,0.0,0.0,0.09090909090909091,0.18181818181818182,0.09090909090909091,0.0,0.0,0.0,0.0,0.0,0.0
2020-07-08,0.0,0.058823529411764705,0.029411764705882353,0.0,0.058823529411764705,0.0,0.0,0.029411764705882353,0.029411764705882353,0.0,0.029411764705882353,0.058823529411764705,0.029411764705882353,0.08823529411764706,0.058823529411764705,0.029411764705882353,0.029411764705882353,0.029411764705882353,0.058823529411764705,0.0,0.058823529411764705,0.0,0.0,0.058823529411764705,0.058823529411764705,0.029411764705882353,0.08823529411764706,0.0,0.058823529411764705,0.029411764705882353
2020-07-13,0.0,0.0,0.08333333333333333,0.0,0.08333333333333333,0.0,0.0,0.0,0.0,0.0,0.0,0.0,0.16666666666666666,0.08333333333333333,0.08333333333333333,0.0,0.0,0.0,0.0,0.0,0.0,0.16666666666666666,0.08333333333333333,0.0,0.08333333333333333,0.0,0.0,0.0,0.08333333333333333,0.08333333333333333
2020-07-15,0.043478260869565216,0.043478260869565216,0.13043478260869565,0.043478260869565216,0.0,0.0,0.0,0.0,0.043478260869565216,0.043478260869565216,0.043478260869565216,0.0,0.0,0.0,0.043478260869565216,0.043478260869565216,0.0,0.13043478260869565,0.08695652173913043,0.0,0.08695652173913043,0.0,0.043478260869565216,0.043478260869565216,0.043478260869565216,0.0,0.043478260869565216,0.0,0.0,0.043478260869565216
2020-07-17,0.0,0.06666666666666667,0.06666666666666667,0.0,0.06666666666666667,0.0,0.06666666666666667,0.0,0.0,0.0,0.06666666666666667,0.0,0.06666666666666667,0.0,0.0,0.0,0.06666666666666667,0.0,0.0,0.0,0.0,0.0,0.06666666666666667,0.13333333333333333,0.0,0.2,0.0,0.0,0.13333333333333333,0.0
2020-07-21,0.0,0.0,0.0,0.0,0.0,0.0,0.16666666666666666,0.0,0.0,0.0,0.16666666666666666,0.0,0.0,0.0,0.0,0.0,0.0,0.16666666666666666,0.0,0.0,0.0,0.0,0.0,0.16666666666666666,0.0,0.16666666666666666,0.0,0.0,0.16666666666666666,0.0
2020-07-24,0.10526315789473684,0.0,0.0,0.0,0.05263157894736842,0.0,0.10526315789473684,0.0,0.0,0.0,0.0,0.10526315789473684,0.0,0.0,0.0,0.05263157894736842,0.05263157894736842,0.10526315789473684,0.0,0.15789473684210525,0.05263157894736842,0.05263157894736842,0.0,0.0,0.05263157894736842,0.05263157894736842,0.05263157894736842,0.0,0.0,0.0
2020-07-27,0.0,0.1111111111111111,0.0,0.0,0.0,0.0,0.0,0.1111111111111111,0.1111111111111111,0.0,0.0,0.0,0.0,0.0,0.0,0.0,0.2222222222222222,0.0,0.2222222222222222,0.0,0.0,0.0,0.0,0.1111111111111111,0.1111111111111111,0.0,0.0,0.0,0.0,0.0
2020-07-29,0.08333333333333333,0.0,0.0,0.0,0.08333333333333333,0.0,0.0,0.08333333333333333,0.08333333333333333,0.0,0.0,0.0,0.0,0.08333333333333333,0.0,0.16666666666666666,0.0,0.16666666666666666,0.0,0.0,0.0,0.0,0.08333333333333333,0.0,0.08333333333333333,0.0,0.0,0.0,0.08333333333333333,0.0
2020-07-30,0.03571428571428571,0.0,0.07142857142857142,0.0,0.07142857142857142,0.0,0.03571428571428571,0.14285714285714285,0.03571428571428571,0.03571428571428571,0.0,0.0,0.14285714285714285,0.03571428571428571,0.0,0.07142857142857142,0.0,0.0,0.0,0.0,0.03571428571428571,0.0,0.03571428571428571,0.03571428571428571,0.03571428571428571,0.03571428571428571,0.10714285714285714,0.0,0.0,0.03571428571428571
2020-07-31,0.0,0.0,0.07894736842105263,0.0,0.0,0.02631578947368421,0.13157894736842105,0.02631578947368421,0.0,0.02631578947368421,0.02631578947368421,0.10526315789473684,0.0,0.02631578947368421,0.07894736842105263,0.0,0.05263157894736842,0.02631578947368421,0.02631578947368421,0.05263157894736842,0.02631578947368421,0.05263157894736842,0.05263157894736842,0.0,0.02631578947368421,0.02631578947368421,0.05263157894736842,0.02631578947368421,0.02631578947368421,0.02631578947368421
2020-08-03,0.03333333333333333,0.03333333333333333,0.06666666666666667,0.0,0.0,0.0,0.0,0.06666666666666667,0.03333333333333333,0.0,0.03333333333333333,0.1,0.13333333333333333,0.0,0.06666666666666667,0.0,0.0,0.0,0.0,0.0,0.1,0.03333333333333333,0.03333333333333333,0.03333333333333333,0.0,0.16666666666666666,0.0,0.0,0.06666666666666667,0.0
2020-08-05,0.0,0.0,0.0,0.0,0.1111111111111111,0.0,0.0,0.2222222222222222,0.1111111111111111,0.0,0.1111111111111111,0.0,0.2222222222222222,0.1111111111111111,0.0,0.0,0.0,0.0,0.0,0.0,0.0,0.0,0.0,0.0,0.0,0.1111111111111111,0.0,0.0,0.0,0.0
2020-08-14,0.1111111111111111,0.0,0.0,0.1111111111111111,0.0,0.0,0.0,0.0,0.1111111111111111,0.0,0.0,0.0,0.2222222222222222,0.0,0.0,0.0,0.1111111111111111,0.0,0.0,0.1111111111111111,0.1111111111111111,0.0,0.0,0.0,0.0,0.0,0.0,0.0,0.1111111111111111,0.0
2020-08-17,0.0,0.0,0.0,0.1,0.1,0.1,0.0,0.0,0.0,0.0,0.0,0.0,0.0,0.0,0.0,0.0,0.1,0.1,0.1,0.1,0.0,0.1,0.0,0.0,0.0,0.0,0.1,0.0,0.0,0.1
2020-08-24,0.0,0.0,0.0,0.0,0.0,0.0,0.0,0.3333333333333333,0.0,0.0,0.3333333333333333,0.0,0.0,0.0,0.0,0.0,0.0,0.0,0.0,0.0,0.0,0.0,0.3333333333333333,0.0,0.0,0.0,0.0,0.0,0.0,0.0
2020-08-25,0.0784313725490196,0.11764705882352941,0.0196078431372549,0.0392156862745098,0.0196078431372549,0.058823529411764705,0.0196078431372549,0.0392156862745098,0.0,0.0196078431372549,0.0392156862745098,0.058823529411764705,0.0392156862745098,0.0392156862745098,0.0,0.0392156862745098,0.0196078431372549,0.0,0.0,0.0196078431372549,0.0392156862745098,0.0196078431372549,0.0196078431372549,0.0196078431372549,0.0392156862745098,0.0196078431372549,0.058823529411764705,0.0784313725490196,0.0392156862745098,0.0
2020-09-02,0.0,0.0,0.0,0.0,0.0,0.0,0.0,0.0,0.0,0.2,0.0,0.0,0.0,0.0,0.0,0.2,0.0,0.0,0.2,0.0,0.4,0.0,0.0,0.0,0.0,0.0,0.0,0.0,0.0,0.0
2020-09-04,0.1,0.1,0.0,0.0,0.0,0.0,0.0,0.0,0.0,0.0,0.0,0.1,0.0,0.0,0.0,0.0,0.0,0.0,0.2,0.0,0.0,0.2,0.0,0.0,0.2,0.0,0.0,0.0,0.0,0.1
2020-09-09,0.0,0.0,0.0,0.0,0.0,0.25,0.0,0.0,0.0,0.0,0.0,0.0,0.0,0.0,0.25,0.0,0.0,0.0,0.0,0.0,0.25,0.0,0.0,0.0,0.0,0.0,0.0,0.25,0.0,0.0
2020-09-14,0.04,0.0,0.08,0.0,0.04,0.0,0.0,0.0,0.04,0.0,0.08,0.08,0.0,0.0,0.0,0.04,0.0,0.0,0.08,0.04,0.16,0.08,0.0,0.0,0.08,0.0,0.12,0.0,0.04,0.0
2020-09-15,0.030303030303030304,0.030303030303030304,0.06060606060606061,0.030303030303030304,0.0,0.0,0.030303030303030304,0.06060606060606061,0.06060606060606061,0.0,0.06060606060606061,0.09090909090909091,0.0,0.0,0.0,0.06060606060606061,0.030303030303030304,0.0,0.06060606060606061,0.0,0.030303030303030304,0.0,0.0,0.0,0.0,0.030303030303030304,0.06060606060606061,0.06060606060606061,0.18181818181818182,0.030303030303030304
2020-09-21,0.0,0.14285714285714285,0.14285714285714285,0.0,0.0,0.0,0.0,0.14285714285714285,0.0,0.14285714285714285,0.0,0.14285714285714285,0.0,0.0,0.0,0.0,0.0,0.0,0.0,0.0,0.0,0.14285714285714285,0.14285714285714285,0.0,0.0,0.0,0.0,0.0,0.0,0.0
2020-09-23,0.0,0.0,0.0,0.0,0.125,0.0,0.0,0.0,0.0,0.0,0.125,0.0,0.125,0.0,0.125,0.125,0.0,0.125,0.0,0.0,0.125,0.0,0.0,0.125,0.0,0.0,0.0,0.0,0.0,0.0
2020-09-24,0.0,0.0,0.05263157894736842,0.10526315789473684,0.10526315789473684,0.0,0.0,0.0,0.0,0.0,0.05263157894736842,0.0,0.0,0.05263157894736842,0.0,0.0,0.0,0.0,0.10526315789473684,0.05263157894736842,0.15789473684210525,0.05263157894736842,0.05263157894736842,0.05263157894736842,0.05263157894736842,0.0,0.0,0.05263157894736842,0.0,0.05263157894736842
2020-09-25,0.05172413793103448,0.0,0.034482758620689655,0.05172413793103448,0.05172413793103448,0.06896551724137931,0.034482758620689655,0.017241379310344827,0.06896551724137931,0.017241379310344827,0.05172413793103448,0.05172413793103448,0.017241379310344827,0.0,0.017241379310344827,0.034482758620689655,0.05172413793103448,0.034482758620689655,0.06896551724137931,0.017241379310344827,0.034482758620689655,0.017241379310344827,0.034482758620689655,0.05172413793103448,0.034482758620689655,0.0,0.034482758620689655,0.017241379310344827,0.017241379310344827,0.017241379310344827
2020-09-28,0.0,0.0,0.0,0.0,0.0,0.0,0.3333333333333333,0.0,0.0,0.0,0.0,0.0,0.0,0.0,0.0,0.0,0.0,0.3333333333333333,0.0,0.0,0.0,0.3333333333333333,0.0,0.0,0.0,0.0,0.0,0.0,0.0,0.0
2020-09-29,0.0,0.0,0.0,0.0,0.0,0.0,0.0,0.0,0.0,0.2,0.0,0.0,0.0,0.0,0.0,0.0,0.2,0.0,0.0,0.0,0.0,0.2,0.2,0.0,0.0,0.2,0.0,0.0,0.0,0.0
2020-09-30,0.0,0.0,0.0,0.0,0.125,0.25,0.0,0.0,0.0,0.0,0.0,0.125,0.0,0.0,0.0,0.0,0.0,0.0,0.0,0.0,0.0,0.0,0.0,0.0,0.0,0.0,0.25,0.0,0.125,0.125
2020-10-01,0.0,0.0,0.0,0.0,0.0,0.06666666666666667,0.06666666666666667,0.06666666666666667,0.06666666666666667,0.06666666666666667,0.0,0.0,0.06666666666666667,0.06666666666666667,0.0,0.0,0.0,0.0,0.0,0.0,0.06666666666666667,0.0,0.0,0.13333333333333333,0.06666666666666667,0.06666666666666667,0.06666666666666667,0.06666666666666667,0.06666666666666667,0.0
2020-10-02,0.0625,0.03125,0.03125,0.0,0.0625,0.03125,0.03125,0.0,0.0,0.03125,0.03125,0.03125,0.0,0.0625,0.03125,0.0625,0.0,0.09375,0.03125,0.03125,0.0625,0.03125,0.03125,0.0,0.03125,0.0,0.0,0.0625,0.125,0.0
2020-10-05,0.0,0.0,0.0,0.047619047619047616,0.0,0.047619047619047616,0.047619047619047616,0.09523809523809523,0.047619047619047616,0.0,0.0,0.09523809523809523,0.047619047619047616,0.09523809523809523,0.09523809523809523,0.09523809523809523,0.047619047619047616,0.047619047619047616,0.0,0.0,0.0,0.09523809523809523,0.047619047619047616,0.0,0.0,0.0,0.0,0.047619047619047616,0.0,0.0
2020-10-06,0.0,0.07142857142857142,0.0,0.0,0.03571428571428571,0.0,0.0,0.03571428571428571,0.03571428571428571,0.0,0.10714285714285714,0.03571428571428571,0.0,0.0,0.03571428571428571,0.03571428571428571,0.07142857142857142,0.0,0.14285714285714285,0.07142857142857142,0.07142857142857142,0.03571428571428571,0.0,0.03571428571428571,0.0,0.03571428571428571,0.0,0.0,0.03571428571428571,0.10714285714285714
2020-10-07,0.0196078431372549,0.0196078431372549,0.0392156862745098,0.0,0.0392156862745098,0.058823529411764705,0.0196078431372549,0.0392156862745098,0.0392156862745098,0.058823529411764705,0.0,0.0,0.058823529411764705,0.0196078431372549,0.058823529411764705,0.0392156862745098,0.058823529411764705,0.0392156862745098,0.0,0.0392156862745098,0.0784313725490196,0.0392156862745098,0.058823529411764705,0.0,0.0392156862745098,0.0196078431372549,0.0392156862745098,0.0392156862745098,0.0196078431372549,0.0196078431372549
2020-10-08,0.0,0.04,0.0,0.0,0.04,0.04,0.04,0.04,0.08,0.04,0.0,0.04,0.0,0.04,0.04,0.04,0.08,0.04,0.0,0.0,0.0,0.08,0.08,0.04,0.0,0.12,0.04,0.0,0.04,0.0
2020-10-12,0.0,0.0,0.0,0.0,0.0,0.0,0.0,0.0,0.0,0.0,0.0,0.0,0.0,0.0,0.0,0.0,0.0,0.0,0.2,0.0,0.0,0.2,0.0,0.0,0.4,0.0,0.0,0.0,0.0,0.2
2020-10-13,0.0,0.14285714285714285,0.0,0.0,0.2857142857142857,0.0,0.0,0.0,0.0,0.0,0.0,0.0,0.0,0.0,0.0,0.14285714285714285,0.14285714285714285,0.0,0.0,0.0,0.0,0.0,0.0,0.0,0.0,0.0,0.14285714285714285,0.0,0.0,0.14285714285714285
2020-10-14,0.0,0.0,0.0,0.25,0.0,0.0,0.0,0.0,0.0,0.0,0.0,0.0,0.0,0.25,0.0,0.0,0.0,0.0,0.0,0.0,0.25,0.0,0.0,0.0,0.0,0.0,0.0,0.25,0.0,0.0
2020-10-15,0.0,0.02631578947368421,0.02631578947368421,0.05263157894736842,0.0,0.02631578947368421,0.05263157894736842,0.0,0.02631578947368421,0.05263157894736842,0.02631578947368421,0.13157894736842105,0.05263157894736842,0.05263157894736842,0.02631578947368421,0.02631578947368421,0.0,0.05263157894736842,0.02631578947368421,0.02631578947368421,0.05263157894736842,0.02631578947368421,0.07894736842105263,0.0,0.02631578947368421,0.02631578947368421,0.02631578947368421,0.0,0.05263157894736842,0.02631578947368421
2020-10-16,0.0,0.0,0.0,0.0,0.0,0.0,0.0,0.0,0.0,0.0,0.0,0.25,0.25,0.0,0.0,0.0,0.25,0.0,0.0,0.0,0.0,0.25,0.0,0.0,0.0,0.0,0.0,0.0,0.0,0.0
2020-10-20,0.00980392156862745,0.029411764705882353,0.0196078431372549,0.0392156862745098,0.029411764705882353,0.00980392156862745,0.0392156862745098,0.049019607843137254,0.00980392156862745,0.0392156862745098,0.0392156862745098,0.0196078431372549,0.049019607843137254,0.0196078431372549,0.029411764705882353,0.00980392156862745,0.049019607843137254,0.00980392156862745,0.00980392156862745,0.0392156862745098,0.058823529411764705,0.049019607843137254,0.049019607843137254,0.0196078431372549,0.029411764705882353,0.049019607843137254,0.0392156862745098,0.06862745098039216,0.0392156862745098,0.049019607843137254
2020-10-21,0.05,0.05,0.1,0.1,0.0,0.0,0.0,0.05,0.05,0.0,0.0,0.0,0.0,0.0,0.05,0.05,0.05,0.0,0.05,0.0,0.05,0.1,0.0,0.0,0.0,0.0,0.15,0.0,0.0,0.1
2020-10-23,0.0,0.0,0.0,0.125,0.0,0.0,0.125,0.0,0.0,0.0,0.0,0.125,0.125,0.0,0.125,0.125,0.0,0.0,0.125,0.0,0.125,0.0,0.0,0.0,0.0,0.0,0.0,0.0,0.0,0.0
2020-10-26,0.0,0.0,0.0,0.0,0.5,0.0,0.0,0.0,0.0,0.0,0.0,0.0,0.0,0.0,0.0,0.5,0.0,0.0,0.0,0.0,0.0,0.0,0.0,0.0,0.0,0.0,0.0,0.0,0.0,0.0
2020-10-27,0.0,0.0,0.0,0.08333333333333333,0.0,0.08333333333333333,0.08333333333333333,0.08333333333333333,0.0,0.0,0.0,0.0,0.0,0.0,0.0,0.0,0.0,0.0,0.0,0.0,0.25,0.0,0.08333333333333333,0.0,0.0,0.08333333333333333,0.0,0.25,0.0,0.0
2020-10-28,0.0,0.125,0.125,0.125,0.0,0.0,0.0,0.125,0.0,0.0,0.0,0.0,0.125,0.0,0.0,0.0,0.0,0.0,0.125,0.0,0.0,0.0,0.125,0.0,0.0,0.0,0.0,0.0,0.125,0.0
2020-10-29,0.05063291139240506,0.012658227848101266,0.06329113924050633,0.0379746835443038,0.08860759493670886,0.0,0.0379746835443038,0.06329113924050633,0.05063291139240506,0.012658227848101266,0.0,0.02531645569620253,0.06329113924050633,0.0379746835443038,0.0379746835443038,0.06329113924050633,0.0,0.012658227848101266,0.02531645569620253,0.0,0.02531645569620253,0.02531645569620253,0.02531645569620253,0.0379746835443038,0.0379746835443038,0.012658227848101266,0.05063291139240506,0.06329113924050633,0.02531645569620253,0.012658227848101266
2020-11-04,0.043478260869565216,0.0,0.043478260869565216,0.043478260869565216,0.08695652173913043,0.0,0.043478260869565216,0.08695652173913043,0.0,0.043478260869565216,0.0,0.0,0.08695652173913043,0.0,0.043478260869565216,0.0,0.043478260869565216,0.08695652173913043,0.13043478260869565,0.0,0.043478260869565216,0.0,0.0,0.08695652173913043,0.0,0.0,0.043478260869565216,0.0,0.043478260869565216,0.0
2020-11-05,0.0,0.0,0.0,0.0,0.0,0.0,0.0,0.125,0.0,0.0,0.0,0.25,0.0,0.0,0.0,0.125,0.0,0.0,0.0,0.0,0.25,0.125,0.0,0.0,0.0,0.125,0.0,0.0,0.0,0.0
2020-11-09,0.0,0.0,0.0,0.0,0.16666666666666666,0.0,0.0,0.0,0.16666666666666666,0.16666666666666666,0.0,0.0,0.0,0.0,0.0,0.0,0.0,0.0,0.0,0.0,0.16666666666666666,0.16666666666666666,0.0,0.0,0.16666666666666666,0.0,0.0,0.0,0.0,0.0
2020-11-12,0.0,0.0,0.0,0.0,0.0,0.0,0.0,0.0,0.0,0.125,0.0,0.125,0.0,0.0,0.0,0.125,0.0,0.0,0.125,0.0,0.0,0.0,0.125,0.125,0.0,0.0,0.125,0.0,0.125,0.0
2020-11-17,0.0,0.0,0.2222222222222222,0.0,0.0,0.0,0.0,0.0,0.0,0.0,0.0,0.0,0.0,0.0,0.1111111111111111,0.0,0.3333333333333333,0.0,0.0,0.0,0.0,0.0,0.0,0.1111111111111111,0.1111111111111111,0.0,0.0,0.1111111111111111,0.0,0.0
2020-12-07,0.0,0.0,0.0,0.0,0.3333333333333333,0.3333333333333333,0.0,0.0,0.0,0.0,0.0,0.0,0.0,0.0,0.0,0.3333333333333333,0.0,0.0,0.0,0.0,0.0,0.0,0.0,0.0,0.0,0.0,0.0,0.0,0.0,0.0
2020-12-09,0.08333333333333333,0.08333333333333333,0.0,0.0,0.0,0.08333333333333333,0.0,0.08333333333333333,0.0,0.08333333333333333,0.0,0.0,0.0,0.0,0.08333333333333333,0.08333333333333333,0.0,0.0,0.08333333333333333,0.0,0.08333333333333333,0.0,0.16666666666666666,0.0,0.0,0.0,0.0,0.0,0.0,0.08333333333333333
2020-12-11,0.0,0.0,0.0,0.0,0.0,0.3333333333333333,0.0,0.0,0.0,0.0,0.0,0.0,0.0,0.0,0.3333333333333333,0.0,0.0,0.0,0.0,0.3333333333333333,0.0,0.0,0.0,0.0,0.0,0.0,0.0,0.0,0.0,0.0
2020-12-14,0.11764705882352941,0.0,0.058823529411764705,0.0,0.0,0.0,0.0,0.23529411764705882,0.058823529411764705,0.0,0.0,0.058823529411764705,0.0,0.058823529411764705,0.0,0.058823529411764705,0.0,0.0,0.0,0.0,0.058823529411764705,0.0,0.0,0.11764705882352941,0.11764705882352941,0.0,0.058823529411764705,0.0,0.0,0.0
2020-12-15,0.0,0.6,0.0,0.0,0.0,0.0,0.0,0.2,0.0,0.0,0.0,0.0,0.0,0.0,0.0,0.0,0.0,0.0,0.2,0.0,0.0,0.0,0.0,0.0,0.0,0.0,0.0,0.0,0.0,0.0
2020-12-16,0.0,0.0,0.0,0.0,0.041666666666666664,0.0,0.041666666666666664,0.0,0.041666666666666664,0.08333333333333333,0.0,0.0,0.08333333333333333,0.041666666666666664,0.041666666666666664,0.0,0.041666666666666664,0.041666666666666664,0.041666666666666664,0.0,0.08333333333333333,0.041666666666666664,0.041666666666666664,0.041666666666666664,0.08333333333333333,0.08333333333333333,0.0,0.041666666666666664,0.041666666666666664,0.041666666666666664
2020-12-17,0.0,0.0,0.0,0.07692307692307693,0.07692307692307693,0.0,0.0,0.0,0.07692307692307693,0.0,0.0,0.07692307692307693,0.0,0.0,0.0,0.07692307692307693,0.0,0.0,0.15384615384615385,0.07692307692307693,0.07692307692307693,0.0,0.07692307692307693,0.07692307692307693,0.0,0.07692307692307693,0.0,0.0,0.07692307692307693,0.0
2020-12-18,0.11764705882352941,0.058823529411764705,0.058823529411764705,0.0,0.058823529411764705,0.0,0.0,0.058823529411764705,0.0,0.0,0.0,0.0,0.0,0.0,0.0,0.058823529411764705,0.0,0.0,0.0,0.058823529411764705,0.17647058823529413,0.058823529411764705,0.11764705882352941,0.11764705882352941,0.0,0.058823529411764705,0.0,0.0,0.0,0.0
2020-12-21,0.0,0.0,0.0,0.0,0.0,0.0,0.0,0.0,0.0,0.25,0.0,0.0,0.0,0.0,0.0,0.0,0.0,0.0,0.25,0.0,0.25,0.0,0.0,0.0,0.0,0.25,0.0,0.0,0.0,0.0
2020-12-22,0.0,0.0,0.0,0.0,0.0,0.0,0.0,0.15384615384615385,0.0,0.0,0.07692307692307693,0.07692307692307693,0.0,0.0,0.0,0.07692307692307693,0.0,0.0,0.0,0.07692307692307693,0.07692307692307693,0.0,0.0,0.0,0.07692307692307693,0.0,0.07692307692307693,0.07692307692307693,0.07692307692307693,0.15384615384615385
2020-12-23,0.0,0.13513513513513514,0.0,0.08108108108108109,0.02702702702702703,0.02702702702702703,0.02702702702702703,0.02702702702702703,0.05405405405405406,0.05405405405405406,0.02702702702702703,0.05405405405405406,0.05405405405405406,0.02702702702702703,0.08108108108108109,0.08108108108108109,0.0,0.02702702702702703,0.05405405405405406,0.05405405405405406,0.0,0.0,0.02702702702702703,0.02702702702702703,0.0,0.02702702702702703,0.0,0.0,0.02702702702702703,0.0
2020-12-31,0.0,0.0,0.0,0.0,0.0,0.0,0.0,0.0,0.0,0.125,0.25,0.125,0.0,0.0,0.0,0.125,0.0,0.0,0.0,0.25,0.0,0.0,0.0,0.125,0.0,0.0,0.0,0.0,0.0,0.0
2021-01-06,0.25,0.0,0.0,0.0,0.0,0.0,0.0,0.0,0.0,0.0,0.25,0.0,0.0,0.0,0.25,0.25,0.0,0.0,0.0,0.0,0.0,0.0,0.0,0.0,0.0,0.0,0.0,0.0,0.0,0.0
2021-01-08,0.0,0.08571428571428572,0.0,0.0,0.02857142857142857,0.02857142857142857,0.05714285714285714,0.0,0.02857142857142857,0.08571428571428572,0.0,0.02857142857142857,0.0,0.02857142857142857,0.0,0.02857142857142857,0.02857142857142857,0.05714285714285714,0.05714285714285714,0.08571428571428572,0.0,0.05714285714285714,0.0,0.02857142857142857,0.0,0.05714285714285714,0.0,0.11428571428571428,0.02857142857142857,0.08571428571428572
2021-01-11,0.0,0.0,0.0,0.0,0.5,0.0,0.0,0.5,0.0,0.0,0.0,0.0,0.0,0.0,0.0,0.0,0.0,0.0,0.0,0.0,0.0,0.0,0.0,0.0,0.0,0.0,0.0,0.0,0.0,0.0
2021-01-13,0.02631578947368421,0.10526315789473684,0.05263157894736842,0.0,0.05263157894736842,0.05263157894736842,0.07894736842105263,0.05263157894736842,0.07894736842105263,0.0,0.0,0.0,0.0,0.02631578947368421,0.02631578947368421,0.02631578947368421,0.02631578947368421,0.0,0.02631578947368421,0.07894736842105263,0.10526315789473684,0.0,0.0,0.02631578947368421,0.02631578947368421,0.0,0.0,0.02631578947368421,0.05263157894736842,0.05263157894736842
2021-01-14,0.0,0.030303030303030304,0.06060606060606061,0.030303030303030304,0.0,0.0,0.030303030303030304,0.09090909090909091,0.06060606060606061,0.0,0.06060606060606061,0.06060606060606061,0.030303030303030304,0.06060606060606061,0.030303030303030304,0.030303030303030304,0.0,0.030303030303030304,0.06060606060606061,0.030303030303030304,0.030303030303030304,0.030303030303030304,0.0,0.0,0.030303030303030304,0.06060606060606061,0.030303030303030304,0.0,0.09090909090909091,0.030303030303030304
2021-01-19,0.0,0.0,0.0,0.0,0.0,0.1,0.0,0.0,0.1,0.1,0.0,0.1,0.0,0.1,0.1,0.0,0.0,0.0,0.0,0.0,0.0,0.0,0.1,0.1,0.0,0.1,0.0,0.0,0.1,0.0
2021-01-22,0.0,0.16666666666666666,0.0,0.16666666666666666,0.0,0.0,0.0,0.16666666666666666,0.0,0.0,0.0,0.0,0.16666666666666666,0.0,0.16666666666666666,0.16666666666666666,0.0,0.0,0.0,0.0,0.0,0.0,0.0,0.0,0.0,0.0,0.0,0.0,0.0,0.0
2021-01-25,0.08333333333333333,0.041666666666666664,0.0,0.020833333333333332,0.0625,0.0,0.041666666666666664,0.020833333333333332,0.020833333333333332,0.020833333333333332,0.0,0.0625,0.020833333333333332,0.08333333333333333,0.0625,0.0625,0.0625,0.0,0.041666666666666664,0.041666666666666664,0.020833333333333332,0.0,0.020833333333333332,0.020833333333333332,0.041666666666666664,0.0,0.041666666666666664,0.020833333333333332,0.0625,0.020833333333333332
2021-01-26,0.058823529411764705,0.0,0.0,0.0,0.058823529411764705,0.058823529411764705,0.058823529411764705,0.0,0.0,0.0,0.058823529411764705,0.0,0.0,0.0,0.0,0.0,0.0,0.11764705882352941,0.0,0.058823529411764705,0.058823529411764705,0.058823529411764705,0.058823529411764705,0.11764705882352941,0.058823529411764705,0.058823529411764705,0.058823529411764705,0.0,0.0,0.058823529411764705
2021-01-27,0.0,0.0,0.0,0.0,0.0,0.06666666666666667,0.06666666666666667,0.0,0.0,0.0,0.06666666666666667,0.13333333333333333,0.06666666666666667,0.0,0.06666666666666667,0.0,0.06666666666666667,0.0,0.06666666666666667,0.0,0.0,0.0,0.13333333333333333,0.0,0.13333333333333333,0.06666666666666667,0.0,0.0,0.0,0.06666666666666667
2021-01-28,0.0,0.0,0.03225806451612903,0.03225806451612903,0.06451612903225806,0.03225806451612903,0.0,0.06451612903225806,0.16129032258064516,0.03225806451612903,0.06451612903225806,0.0,0.06451612903225806,0.0,0.03225806451612903,0.03225806451612903,0.06451612903225806,0.0,0.0,0.0,0.0,0.03225806451612903,0.0,0.0,0.0967741935483871,0.06451612903225806,0.03225806451612903,0.06451612903225806,0.0,0.03225806451612903
2021-02-01,0.03225806451612903,0.0,0.0,0.03225806451612903,0.0,0.06451612903225806,0.06451612903225806,0.03225806451612903,0.0,0.0,0.03225806451612903,0.03225806451612903,0.03225806451612903,0.03225806451612903,0.06451612903225806,0.06451612903225806,0.0,0.03225806451612903,0.06451612903225806,0.03225806451612903,0.06451612903225806,0.0967741935483871,0.03225806451612903,0.0,0.06451612903225806,0.03225806451612903,0.0,0.0,0.06451612903225806,0.03225806451612903
2021-02-02,0.0,0.0,0.0,0.03225806451612903,0.0967741935483871,0.03225806451612903,0.0,0.06451612903225806,0.03225806451612903,0.06451612903225806,0.0,0.03225806451612903,0.0,0.06451612903225806,0.06451612903225806,0.06451612903225806,0.0,0.0,0.03225806451612903,0.0,0.0,0.0967741935483871,0.0967741935483871,0.0,0.12903225806451613,0.03225806451612903,0.03225806451612903,0.0,0.0,0.03225806451612903
2021-02-03,0.0,0.0,0.0,0.0,0.0,0.25,0.0,0.0,0.0,0.0,0.0,0.0,0.25,0.0,0.0,0.0,0.0,0.0,0.0,0.0,0.0,0.0,0.0,0.0,0.0,0.0,0.25,0.25,0.0,0.0
2021-02-10,0.0,0.0,0.0,0.0,0.25,0.0,0.0,0.0,0.0,0.0,0.0,0.0,0.0,0.0,0.0,0.0,0.25,0.0,0.25,0.0,0.0,0.0,0.0,0.0,0.0,0.0,0.25,0.0,0.0,0.0
2021-02-12,0.03225806451612903,0.0,0.06451612903225806,0.0,0.03225806451612903,0.0,0.03225806451612903,0.0,0.06451612903225806,0.06451612903225806,0.03225806451612903,0.06451612903225806,0.0,0.03225806451612903,0.06451612903225806,0.03225806451612903,0.03225806451612903,0.03225806451612903,0.0,0.12903225806451613,0.0,0.0,0.03225806451612903,0.06451612903225806,0.0,0.06451612903225806,0.03225806451612903,0.0,0.03225806451612903,0.06451612903225806
2021-02-17,0.0,0.1111111111111111,0.1111111111111111,0.1111111111111111,0.0,0.0,0.05555555555555555,0.05555555555555555,0.0,0.0,0.05555555555555555,0.0,0.0,0.0,0.16666666666666666,0.05555555555555555,0.0,0.05555555555555555,0.0,0.05555555555555555,0.0,0.05555555555555555,0.0,0.0,0.0,0.0,0.0,0.1111111111111111,0.0,0.0
2021-02-18,0.0,0.0,0.0,0.0,0.0,0.0,0.0,0.0,0.0,0.0,0.0,0.3333333333333333,0.0,0.0,0.0,0.0,0.0,0.0,0.0,0.0,0.3333333333333333,0.0,0.0,0.0,0.3333333333333333,0.0,0.0,0.0,0.0,0.0
