0,1,2,3,4,5,6,7,8,9,10,11,12,13,14,15,16,17,18,19,20,21,22,23,24,25,26,27,28,29,30
2018-09-06,0.0,0.0,0.125,0.0,0.0,0.0,0.0,0.125,0.0,0.0,0.0,0.0,0.0,0.125,0.0,0.125,0.25,0.125,0.0,0.0,0.0,0.0,0.0,0.0,0.0,0.0,0.125,0.0,0.0,0.0
2018-09-07,0.09090909090909091,0.0,0.0,0.0,0.2727272727272727,0.0,0.0,0.09090909090909091,0.09090909090909091,0.0,0.0,0.09090909090909091,0.0,0.0,0.0,0.0,0.09090909090909091,0.0,0.0,0.09090909090909091,0.0,0.0,0.0,0.0,0.09090909090909091,0.0,0.0,0.0,0.0,0.09090909090909091
2018-09-12,0.1111111111111111,0.0,0.0,0.0,0.0,0.1111111111111111,0.0,0.0,0.1111111111111111,0.0,0.1111111111111111,0.1111111111111111,0.1111111111111111,0.0,0.0,0.0,0.0,0.1111111111111111,0.0,0.0,0.1111111111111111,0.0,0.0,0.1111111111111111,0.0,0.0,0.0,0.0,0.0,0.0
2018-09-13,0.07692307692307693,0.07692307692307693,0.02564102564102564,0.05128205128205128,0.05128205128205128,0.02564102564102564,0.05128205128205128,0.0,0.02564102564102564,0.0,0.05128205128205128,0.05128205128205128,0.02564102564102564,0.02564102564102564,0.0,0.0,0.05128205128205128,0.02564102564102564,0.0,0.02564102564102564,0.02564102564102564,0.07692307692307693,0.0,0.10256410256410256,0.0,0.0,0.05128205128205128,0.07692307692307693,0.0,0.02564102564102564
2018-09-17,0.0,0.0,0.09090909090909091,0.18181818181818182,0.0,0.0,0.0,0.0,0.09090909090909091,0.09090909090909091,0.0,0.0,0.0,0.0,0.0,0.09090909090909091,0.09090909090909091,0.0,0.0,0.09090909090909091,0.0,0.0,0.0,0.0,0.0,0.0,0.0,0.18181818181818182,0.0,0.09090909090909091
2018-09-19,0.0,0.0,0.125,0.0,0.125,0.0,0.0,0.125,0.125,0.0,0.125,0.0,0.0,0.0,0.125,0.0,0.0,0.0,0.0,0.0,0.0,0.0,0.0,0.0,0.125,0.125,0.0,0.0,0.0,0.0
2018-09-21,0.0,0.05263157894736842,0.02631578947368421,0.05263157894736842,0.05263157894736842,0.02631578947368421,0.02631578947368421,0.0,0.05263157894736842,0.05263157894736842,0.0,0.02631578947368421,0.07894736842105263,0.0,0.02631578947368421,0.05263157894736842,0.05263157894736842,0.02631578947368421,0.02631578947368421,0.02631578947368421,0.0,0.02631578947368421,0.0,0.05263157894736842,0.02631578947368421,0.02631578947368421,0.07894736842105263,0.05263157894736842,0.05263157894736842,0.02631578947368421
2018-09-24,0.05555555555555555,0.05555555555555555,0.0,0.0,0.05555555555555555,0.0,0.2777777777777778,0.1111111111111111,0.0,0.0,0.0,0.0,0.0,0.0,0.05555555555555555,0.0,0.0,0.0,0.0,0.0,0.0,0.1111111111111111,0.05555555555555555,0.05555555555555555,0.0,0.05555555555555555,0.0,0.05555555555555555,0.05555555555555555,0.0
2018-09-25,0.0,0.0,0.0,0.0,0.0,0.0,0.0,0.0,0.0,0.0,0.0,0.0,0.0,0.5,0.0,0.0,0.0,0.0,0.0,0.0,0.5,0.0,0.0,0.0,0.0,0.0,0.0,0.0,0.0,0.0
2018-09-26,0.16666666666666666,0.0,0.16666666666666666,0.0,0.0,0.0,0.0,0.0,0.16666666666666666,0.16666666666666666,0.0,0.16666666666666666,0.0,0.0,0.16666666666666666,0.0,0.0,0.0,0.0,0.0,0.0,0.0,0.0,0.0,0.0,0.0,0.0,0.0,0.0,0.0
2018-10-02,0.0,0.0,0.08333333333333333,0.041666666666666664,0.041666666666666664,0.0,0.0,0.041666666666666664,0.0,0.041666666666666664,0.0,0.0,0.041666666666666664,0.0,0.08333333333333333,0.0,0.08333333333333333,0.08333333333333333,0.0,0.0,0.0,0.08333333333333333,0.041666666666666664,0.08333333333333333,0.08333333333333333,0.041666666666666664,0.0,0.041666666666666664,0.041666666666666664,0.041666666666666664
2018-10-08,0.024390243902439025,0.0975609756097561,0.024390243902439025,0.024390243902439025,0.024390243902439025,0.04878048780487805,0.04878048780487805,0.07317073170731707,0.024390243902439025,0.04878048780487805,0.024390243902439025,0.0,0.024390243902439025,0.024390243902439025,0.024390243902439025,0.07317073170731707,0.04878048780487805,0.024390243902439025,0.0,0.07317073170731707,0.024390243902439025,0.07317073170731707,0.024390243902439025,0.0,0.07317073170731707,0.024390243902439025,0.0,0.024390243902439025,0.0,0.0
2018-10-11,0.07142857142857142,0.023809523809523808,0.047619047619047616,0.023809523809523808,0.07142857142857142,0.07142857142857142,0.023809523809523808,0.047619047619047616,0.023809523809523808,0.0,0.07142857142857142,0.0,0.023809523809523808,0.023809523809523808,0.0,0.023809523809523808,0.047619047619047616,0.023809523809523808,0.047619047619047616,0.047619047619047616,0.047619047619047616,0.0,0.0,0.0,0.023809523809523808,0.047619047619047616,0.023809523809523808,0.023809523809523808,0.07142857142857142,0.047619047619047616
2018-10-12,0.0,0.0,0.09090909090909091,0.0,0.09090909090909091,0.0,0.0,0.045454545454545456,0.045454545454545456,0.0,0.0,0.0,0.045454545454545456,0.0,0.0,0.0,0.13636363636363635,0.09090909090909091,0.045454545454545456,0.045454545454545456,0.0,0.0,0.045454545454545456,0.045454545454545456,0.045454545454545456,0.0,0.045454545454545456,0.13636363636363635,0.045454545454545456,0.0
2018-10-16,0.058823529411764705,0.0,0.058823529411764705,0.08823529411764706,0.08823529411764706,0.0,0.08823529411764706,0.0,0.0,0.0,0.0,0.058823529411764705,0.0,0.058823529411764705,0.0,0.058823529411764705,0.0,0.0,0.029411764705882353,0.0,0.0,0.08823529411764706,0.029411764705882353,0.08823529411764706,0.058823529411764705,0.0,0.08823529411764706,0.029411764705882353,0.029411764705882353,0.0
2018-10-29,0.0,0.2222222222222222,0.0,0.0,0.0,0.0,0.0,0.0,0.0,0.1111111111111111,0.0,0.2222222222222222,0.0,0.0,0.1111111111111111,0.0,0.0,0.0,0.0,0.0,0.0,0.0,0.0,0.0,0.0,0.1111111111111111,0.0,0.0,0.1111111111111111,0.1111111111111111
2018-10-30,0.0,0.0,0.0,0.125,0.0,0.0,0.0,0.0625,0.0,0.0,0.0625,0.0,0.0,0.0,0.125,0.0,0.0625,0.0625,0.0625,0.0625,0.125,0.0,0.0,0.0,0.0,0.0625,0.0625,0.0625,0.0625,0.0
2018-10-31,0.0,0.0,0.0,0.0,0.0,0.25,0.0,0.0,0.0,0.0,0.0,0.0,0.25,0.0,0.0,0.0,0.0,0.0,0.0,0.25,0.0,0.25,0.0,0.0,0.0,0.0,0.0,0.0,0.0,0.0
2018-11-05,0.0,0.05128205128205128,0.05128205128205128,0.02564102564102564,0.02564102564102564,0.0,0.10256410256410256,0.0,0.02564102564102564,0.0,0.05128205128205128,0.05128205128205128,0.02564102564102564,0.05128205128205128,0.07692307692307693,0.0,0.07692307692307693,0.0,0.02564102564102564,0.07692307692307693,0.0,0.0,0.02564102564102564,0.02564102564102564,0.02564102564102564,0.0,0.05128205128205128,0.05128205128205128,0.02564102564102564,0.07692307692307693
2018-11-07,0.0,0.0,0.0,0.0,0.14285714285714285,0.07142857142857142,0.14285714285714285,0.07142857142857142,0.0,0.07142857142857142,0.0,0.07142857142857142,0.0,0.14285714285714285,0.0,0.0,0.0,0.0,0.0,0.0,0.0,0.0,0.07142857142857142,0.0,0.0,0.14285714285714285,0.0,0.0,0.0,0.07142857142857142
2018-11-08,0.0,0.0,0.18181818181818182,0.09090909090909091,0.0,0.0,0.0,0.0,0.09090909090909091,0.0,0.0,0.0,0.0,0.18181818181818182,0.0,0.0,0.0,0.09090909090909091,0.0,0.09090909090909091,0.0,0.0,0.0,0.0,0.09090909090909091,0.0,0.09090909090909091,0.0,0.0,0.09090909090909091
2018-11-13,0.013888888888888888,0.041666666666666664,0.0,0.041666666666666664,0.013888888888888888,0.0,0.027777777777777776,0.05555555555555555,0.0,0.05555555555555555,0.05555555555555555,0.027777777777777776,0.041666666666666664,0.013888888888888888,0.027777777777777776,0.027777777777777776,0.027777777777777776,0.05555555555555555,0.05555555555555555,0.05555555555555555,0.05555555555555555,0.05555555555555555,0.027777777777777776,0.05555555555555555,0.027777777777777776,0.013888888888888888,0.027777777777777776,0.05555555555555555,0.013888888888888888,0.027777777777777776
2018-11-14,0.034482758620689655,0.011494252873563218,0.034482758620689655,0.06896551724137931,0.034482758620689655,0.04597701149425287,0.022988505747126436,0.011494252873563218,0.034482758620689655,0.011494252873563218,0.05747126436781609,0.022988505747126436,0.022988505747126436,0.034482758620689655,0.022988505747126436,0.04597701149425287,0.034482758620689655,0.034482758620689655,0.04597701149425287,0.05747126436781609,0.011494252873563218,0.04597701149425287,0.05747126436781609,0.0,0.034482758620689655,0.022988505747126436,0.08045977011494253,0.022988505747126436,0.011494252873563218,0.022988505747126436
2018-11-15,0.02702702702702703,0.05405405405405406,0.0,0.02702702702702703,0.08108108108108109,0.02702702702702703,0.02702702702702703,0.13513513513513514,0.02702702702702703,0.02702702702702703,0.05405405405405406,0.02702702702702703,0.02702702702702703,0.02702702702702703,0.0,0.02702702702702703,0.02702702702702703,0.02702702702702703,0.0,0.05405405405405406,0.02702702702702703,0.05405405405405406,0.02702702702702703,0.02702702702702703,0.02702702702702703,0.05405405405405406,0.02702702702702703,0.0,0.02702702702702703,0.02702702702702703
2018-11-20,0.0,0.08333333333333333,0.0,0.16666666666666666,0.08333333333333333,0.0,0.08333333333333333,0.0,0.08333333333333333,0.0,0.0,0.0,0.08333333333333333,0.0,0.0,0.08333333333333333,0.25,0.0,0.0,0.0,0.0,0.0,0.0,0.0,0.0,0.0,0.0,0.0,0.0,0.08333333333333333
2018-12-03,0.0,0.0,0.0,0.0,0.0,0.0,0.125,0.0,0.0,0.0,0.0,0.125,0.0,0.125,0.0,0.0,0.0,0.0,0.125,0.0,0.0,0.125,0.125,0.125,0.0,0.0,0.0,0.125,0.0,0.0
2018-12-06,0.0,0.0,0.0,0.0,0.0,0.0,0.0,0.2222222222222222,0.0,0.0,0.0,0.0,0.1111111111111111,0.0,0.0,0.1111111111111111,0.0,0.1111111111111111,0.1111111111111111,0.1111111111111111,0.0,0.0,0.0,0.2222222222222222,0.0,0.0,0.0,0.0,0.0,0.0
2018-12-13,0.0,0.0,0.0,0.0,0.08823529411764706,0.029411764705882353,0.0,0.0,0.029411764705882353,0.08823529411764706,0.058823529411764705,0.029411764705882353,0.058823529411764705,0.0,0.058823529411764705,0.029411764705882353,0.058823529411764705,0.029411764705882353,0.058823529411764705,0.0,0.08823529411764706,0.058823529411764705,0.0,0.08823529411764706,0.0,0.029411764705882353,0.058823529411764705,0.029411764705882353,0.0,0.029411764705882353
2018-12-14,0.0,0.0,0.0,0.0,0.0,0.0,0.0,0.2,0.2,0.0,0.0,0.0,0.0,0.0,0.1,0.0,0.2,0.1,0.0,0.1,0.1,0.0,0.0,0.0,0.0,0.0,0.0,0.0,0.0,0.0
2019-01-15,0.058823529411764705,0.058823529411764705,0.058823529411764705,0.11764705882352941,0.0,0.0,0.058823529411764705,0.0,0.0,0.058823529411764705,0.058823529411764705,0.0,0.058823529411764705,0.0,0.0,0.058823529411764705,0.0,0.0,0.11764705882352941,0.058823529411764705,0.0,0.0,0.058823529411764705,0.0,0.058823529411764705,0.058823529411764705,0.0,0.0,0.0,0.058823529411764705
2019-01-17,0.15384615384615385,0.0,0.0,0.0,0.0,0.0,0.0,0.15384615384615385,0.0,0.0,0.15384615384615385,0.0,0.0,0.0,0.0,0.0,0.0,0.0,0.0,0.0,0.0,0.07692307692307693,0.0,0.07692307692307693,0.07692307692307693,0.0,0.0,0.0,0.3076923076923077,0.0
2019-01-18,0.03571428571428571,0.03571428571428571,0.0,0.0,0.0,0.0,0.03571428571428571,0.03571428571428571,0.07142857142857142,0.0,0.03571428571428571,0.0,0.03571428571428571,0.0,0.0,0.07142857142857142,0.03571428571428571,0.07142857142857142,0.07142857142857142,0.03571428571428571,0.03571428571428571,0.0,0.0,0.03571428571428571,0.03571428571428571,0.07142857142857142,0.07142857142857142,0.0,0.07142857142857142,0.10714285714285714
2019-01-30,0.0,0.0,0.0,0.0,0.0,0.0,0.0,0.0,0.3333333333333333,0.0,0.3333333333333333,0.0,0.0,0.0,0.0,0.0,0.0,0.3333333333333333,0.0,0.0,0.0,0.0,0.0,0.0,0.0,0.0,0.0,0.0,0.0,0.0
2019-01-31,0.043478260869565216,0.0,0.13043478260869565,0.043478260869565216,0.0,0.043478260869565216,0.0,0.0,0.0,0.08695652173913043,0.0,0.0,0.0,0.0,0.043478260869565216,0.0,0.043478260869565216,0.043478260869565216,0.0,0.0,0.043478260869565216,0.043478260869565216,0.0,0.13043478260869565,0.043478260869565216,0.08695652173913043,0.043478260869565216,0.0,0.043478260869565216,0.08695652173913043
2019-02-12,0.09090909090909091,0.13636363636363635,0.0,0.045454545454545456,0.09090909090909091,0.0,0.045454545454545456,0.0,0.045454545454545456,0.0,0.045454545454545456,0.0,0.045454545454545456,0.0,0.09090909090909091,0.0,0.045454545454545456,0.045454545454545456,0.09090909090909091,0.0,0.045454545454545456,0.045454545454545456,0.0,0.0,0.0,0.045454545454545456,0.0,0.0,0.0,0.045454545454545456
2019-02-13,0.0,0.0,0.0,0.0,0.5,0.0,0.5,0.0,0.0,0.0,0.0,0.0,0.0,0.0,0.0,0.0,0.0,0.0,0.0,0.0,0.0,0.0,0.0,0.0,0.0,0.0,0.0,0.0,0.0,0.0
2019-02-14,0.06862745098039216,0.0392156862745098,0.0196078431372549,0.0196078431372549,0.0392156862745098,0.058823529411764705,0.049019607843137254,0.029411764705882353,0.0196078431372549,0.0196078431372549,0.029411764705882353,0.029411764705882353,0.0196078431372549,0.00980392156862745,0.0196078431372549,0.058823529411764705,0.058823529411764705,0.029411764705882353,0.06862745098039216,0.029411764705882353,0.0392156862745098,0.0196078431372549,0.0196078431372549,0.049019607843137254,0.029411764705882353,0.0392156862745098,0.0196078431372549,0.029411764705882353,0.029411764705882353,0.00980392156862745
2019-02-19,0.03731343283582089,0.014925373134328358,0.014925373134328358,0.022388059701492536,0.014925373134328358,0.029850746268656716,0.007462686567164179,0.014925373134328358,0.03731343283582089,0.022388059701492536,0.022388059701492536,0.03731343283582089,0.05970149253731343,0.05970149253731343,0.022388059701492536,0.05970149253731343,0.022388059701492536,0.05223880597014925,0.029850746268656716,0.05970149253731343,0.014925373134328358,0.03731343283582089,0.014925373134328358,0.08955223880597014,0.029850746268656716,0.014925373134328358,0.05223880597014925,0.014925373134328358,0.029850746268656716,0.05970149253731343
2019-02-20,0.0,0.0,0.05714285714285714,0.05714285714285714,0.11428571428571428,0.05714285714285714,0.02857142857142857,0.05714285714285714,0.02857142857142857,0.0,0.05714285714285714,0.02857142857142857,0.0,0.02857142857142857,0.0,0.02857142857142857,0.02857142857142857,0.02857142857142857,0.08571428571428572,0.0,0.05714285714285714,0.08571428571428572,0.05714285714285714,0.0,0.0,0.05714285714285714,0.02857142857142857,0.02857142857142857,0.0,0.0
2019-02-26,0.04225352112676056,0.014084507042253521,0.04225352112676056,0.028169014084507043,0.028169014084507043,0.0,0.028169014084507043,0.04225352112676056,0.08450704225352113,0.014084507042253521,0.0,0.0,0.04225352112676056,0.04225352112676056,0.04225352112676056,0.0,0.07042253521126761,0.07042253521126761,0.0,0.014084507042253521,0.0,0.04225352112676056,0.04225352112676056,0.056338028169014086,0.04225352112676056,0.08450704225352113,0.014084507042253521,0.028169014084507043,0.0,0.08450704225352113
2019-02-27,0.10526315789473684,0.05263157894736842,0.10526315789473684,0.05263157894736842,0.0,0.10526315789473684,0.0,0.0,0.05263157894736842,0.0,0.05263157894736842,0.0,0.0,0.0,0.10526315789473684,0.10526315789473684,0.05263157894736842,0.0,0.0,0.05263157894736842,0.0,0.0,0.0,0.0,0.10526315789473684,0.05263157894736842,0.0,0.0,0.0,0.0
2019-03-01,0.0,0.0,0.0,0.16666666666666666,0.0,0.0,0.0,0.0,0.16666666666666666,0.0,0.0,0.16666666666666666,0.0,0.16666666666666666,0.0,0.0,0.0,0.16666666666666666,0.0,0.0,0.0,0.0,0.0,0.0,0.0,0.0,0.0,0.0,0.0,0.16666666666666666
2019-03-07,0.0,0.05,0.05,0.0,0.0,0.15,0.0,0.0,0.1,0.0,0.0,0.1,0.0,0.0,0.05,0.05,0.0,0.0,0.05,0.0,0.05,0.05,0.05,0.0,0.0,0.05,0.1,0.05,0.05,0.0
2019-03-14,0.0,0.0,0.0,0.1111111111111111,0.0,0.05555555555555555,0.0,0.0,0.05555555555555555,0.05555555555555555,0.05555555555555555,0.05555555555555555,0.0,0.0,0.16666666666666666,0.1111111111111111,0.0,0.0,0.0,0.0,0.0,0.0,0.05555555555555555,0.05555555555555555,0.0,0.1111111111111111,0.0,0.05555555555555555,0.05555555555555555,0.0
2019-03-18,0.0625,0.0,0.0625,0.0625,0.0,0.0,0.125,0.0625,0.0625,0.0625,0.0,0.0,0.0,0.125,0.0,0.0,0.0625,0.0,0.0,0.0625,0.0,0.0,0.0,0.0625,0.0,0.0,0.0,0.0625,0.0625,0.0625
2019-03-20,0.0,0.125,0.0625,0.0,0.0,0.1875,0.0,0.0625,0.0625,0.0,0.0625,0.0,0.0625,0.0625,0.0,0.0625,0.0,0.0,0.0,0.0,0.0,0.125,0.0,0.0,0.0,0.0,0.0,0.0,0.0,0.125
2019-03-26,0.0,0.0,0.0,0.0,0.0,0.0,0.0,0.0,0.0,0.0,0.0,0.0,0.0,0.0,0.0,0.0,0.0,0.0,0.0,0.0,0.0,0.0,0.5,0.0,0.0,0.0,0.25,0.25,0.0,0.0
2019-03-29,0.0,0.0,0.0,0.0,0.0,0.0,0.0,0.0,0.0,0.0,0.0,0.0,0.0,0.0,0.0,0.0,0.25,0.25,0.0,0.0,0.25,0.0,0.0,0.0,0.0,0.0,0.0,0.25,0.0,0.0
2019-04-04,0.021739130434782608,0.08695652173913043,0.021739130434782608,0.021739130434782608,0.021739130434782608,0.043478260869565216,0.0,0.021739130434782608,0.0,0.0,0.043478260869565216,0.021739130434782608,0.021739130434782608,0.043478260869565216,0.021739130434782608,0.08695652173913043,0.06521739130434782,0.06521739130434782,0.021739130434782608,0.021739130434782608,0.021739130434782608,0.06521739130434782,0.06521739130434782,0.06521739130434782,0.043478260869565216,0.021739130434782608,0.043478260869565216,0.021739130434782608,0.0,0.0
2019-04-08,0.0425531914893617,0.0,0.0,0.0425531914893617,0.0425531914893617,0.0,0.0,0.06382978723404255,0.06382978723404255,0.02127659574468085,0.02127659574468085,0.02127659574468085,0.0,0.06382978723404255,0.0851063829787234,0.0425531914893617,0.02127659574468085,0.0,0.0425531914893617,0.06382978723404255,0.02127659574468085,0.02127659574468085,0.02127659574468085,0.0425531914893617,0.06382978723404255,0.02127659574468085,0.0425531914893617,0.06382978723404255,0.02127659574468085,0.0425531914893617
2019-04-11,0.07142857142857142,0.0,0.0,0.0,0.07142857142857142,0.0,0.07142857142857142,0.0,0.0,0.07142857142857142,0.0,0.07142857142857142,0.0,0.07142857142857142,0.14285714285714285,0.07142857142857142,0.0,0.0,0.0,0.0,0.0,0.07142857142857142,0.0,0.0,0.07142857142857142,0.0,0.07142857142857142,0.07142857142857142,0.07142857142857142,0.0
2019-04-18,0.0,0.0,0.1,0.1,0.0,0.1,0.0,0.0,0.0,0.0,0.0,0.1,0.1,0.0,0.0,0.1,0.0,0.0,0.1,0.0,0.1,0.0,0.0,0.0,0.0,0.0,0.1,0.1,0.0,0.0
2019-04-23,0.0,0.0,0.14285714285714285,0.0,0.0,0.0,0.0,0.0,0.14285714285714285,0.14285714285714285,0.0,0.0,0.14285714285714285,0.14285714285714285,0.0,0.0,0.14285714285714285,0.0,0.0,0.0,0.0,0.0,0.0,0.0,0.0,0.14285714285714285,0.0,0.0,0.0,0.0
2019-04-24,0.0,0.03333333333333333,0.1,0.0,0.0,0.03333333333333333,0.0,0.0,0.0,0.03333333333333333,0.0,0.03333333333333333,0.0,0.1,0.0,0.0,0.03333333333333333,0.03333333333333333,0.06666666666666667,0.06666666666666667,0.03333333333333333,0.0,0.03333333333333333,0.1,0.06666666666666667,0.03333333333333333,0.1,0.03333333333333333,0.06666666666666667,0.0
2019-04-25,0.0,0.0,0.023255813953488372,0.046511627906976744,0.06976744186046512,0.023255813953488372,0.046511627906976744,0.023255813953488372,0.06976744186046512,0.0,0.046511627906976744,0.023255813953488372,0.0,0.023255813953488372,0.023255813953488372,0.06976744186046512,0.06976744186046512,0.06976744186046512,0.0,0.023255813953488372,0.06976744186046512,0.023255813953488372,0.023255813953488372,0.06976744186046512,0.023255813953488372,0.0,0.023255813953488372,0.0,0.06976744186046512,0.046511627906976744
2019-05-01,0.038461538461538464,0.038461538461538464,0.038461538461538464,0.0,0.0,0.07692307692307693,0.07692307692307693,0.038461538461538464,0.038461538461538464,0.038461538461538464,0.038461538461538464,0.07692307692307693,0.038461538461538464,0.038461538461538464,0.07692307692307693,0.0,0.038461538461538464,0.038461538461538464,0.0,0.038461538461538464,0.038461538461538464,0.0,0.038461538461538464,0.038461538461538464,0.038461538461538464,0.07692307692307693,0.0,0.0,0.0,0.0
2019-05-08,0.0,0.0,0.09090909090909091,0.045454545454545456,0.045454545454545456,0.045454545454545456,0.0,0.0,0.09090909090909091,0.045454545454545456,0.0,0.045454545454545456,0.0,0.045454545454545456,0.0,0.0,0.045454545454545456,0.0,0.09090909090909091,0.0,0.045454545454545456,0.0,0.0,0.09090909090909091,0.045454545454545456,0.0,0.09090909090909091,0.045454545454545456,0.045454545454545456,0.045454545454545456
2019-05-10,0.05,0.05,0.0,0.025,0.075,0.05,0.0,0.0,0.0,0.0,0.0,0.075,0.1,0.025,0.05,0.05,0.0,0.025,0.075,0.025,0.05,0.0,0.025,0.025,0.025,0.1,0.0,0.025,0.05,0.025
2019-05-13,0.05263157894736842,0.05263157894736842,0.10526315789473684,0.05263157894736842,0.0,0.0,0.0,0.10526315789473684,0.05263157894736842,0.05263157894736842,0.0,0.0,0.05263157894736842,0.0,0.0,0.0,0.05263157894736842,0.05263157894736842,0.0,0.0,0.0,0.0,0.10526315789473684,0.05263157894736842,0.10526315789473684,0.0,0.0,0.05263157894736842,0.0,0.05263157894736842
2019-05-14,0.0,0.029411764705882353,0.11764705882352941,0.029411764705882353,0.0,0.058823529411764705,0.0,0.029411764705882353,0.08823529411764706,0.029411764705882353,0.029411764705882353,0.029411764705882353,0.0,0.029411764705882353,0.0,0.0,0.029411764705882353,0.058823529411764705,0.029411764705882353,0.029411764705882353,0.0,0.029411764705882353,0.0,0.058823529411764705,0.11764705882352941,0.058823529411764705,0.029411764705882353,0.029411764705882353,0.029411764705882353,0.029411764705882353
2019-05-16,0.020833333333333332,0.052083333333333336,0.052083333333333336,0.03125,0.03125,0.03125,0.0625,0.041666666666666664,0.010416666666666666,0.041666666666666664,0.052083333333333336,0.041666666666666664,0.020833333333333332,0.03125,0.052083333333333336,0.010416666666666666,0.052083333333333336,0.010416666666666666,0.03125,0.041666666666666664,0.020833333333333332,0.03125,0.03125,0.0,0.020833333333333332,0.0625,0.041666666666666664,0.020833333333333332,0.010416666666666666,0.041666666666666664
2019-05-20,0.0,0.03571428571428571,0.0,0.0,0.03571428571428571,0.03571428571428571,0.10714285714285714,0.03571428571428571,0.07142857142857142,0.0,0.03571428571428571,0.07142857142857142,0.03571428571428571,0.03571428571428571,0.10714285714285714,0.03571428571428571,0.07142857142857142,0.0,0.07142857142857142,0.03571428571428571,0.0,0.03571428571428571,0.0,0.07142857142857142,0.03571428571428571,0.0,0.0,0.03571428571428571,0.0,0.0
2019-05-22,0.0,0.06896551724137931,0.034482758620689655,0.06896551724137931,0.0,0.06896551724137931,0.0,0.0,0.034482758620689655,0.0,0.0,0.034482758620689655,0.034482758620689655,0.0,0.0,0.10344827586206896,0.0,0.10344827586206896,0.06896551724137931,0.10344827586206896,0.0,0.0,0.06896551724137931,0.0,0.0,0.034482758620689655,0.06896551724137931,0.034482758620689655,0.034482758620689655,0.034482758620689655
2019-05-23,0.0,0.0,0.0,0.0,0.0,0.0,0.3333333333333333,0.0,0.0,0.0,0.0,0.0,0.0,0.0,0.0,0.0,0.0,0.0,0.0,0.0,0.0,0.0,0.0,0.0,0.3333333333333333,0.0,0.3333333333333333,0.0,0.0,0.0
2019-05-28,0.0,0.0,0.0,0.0,0.043478260869565216,0.0,0.13043478260869565,0.08695652173913043,0.0,0.043478260869565216,0.0,0.043478260869565216,0.0,0.13043478260869565,0.0,0.0,0.0,0.08695652173913043,0.0,0.043478260869565216,0.043478260869565216,0.0,0.13043478260869565,0.0,0.043478260869565216,0.08695652173913043,0.0,0.0,0.043478260869565216,0.043478260869565216
2019-05-31,0.0,0.0,0.0,0.0,0.0,0.0,0.06666666666666667,0.0,0.13333333333333333,0.0,0.0,0.06666666666666667,0.13333333333333333,0.0,0.0,0.06666666666666667,0.06666666666666667,0.06666666666666667,0.13333333333333333,0.06666666666666667,0.0,0.0,0.0,0.0,0.0,0.0,0.06666666666666667,0.06666666666666667,0.06666666666666667,0.0
2019-06-03,0.0625,0.0,0.0625,0.125,0.0625,0.0,0.0625,0.125,0.0625,0.0,0.0,0.0,0.0,0.0,0.0625,0.0625,0.0,0.0,0.0,0.0,0.0,0.0,0.0,0.0625,0.0,0.125,0.0625,0.0,0.0,0.0625
2019-06-04,0.0,0.0,0.0,0.0,0.0,0.0,0.4,0.0,0.0,0.0,0.0,0.0,0.0,0.0,0.2,0.2,0.0,0.0,0.0,0.0,0.0,0.0,0.0,0.0,0.0,0.0,0.0,0.0,0.2,0.0
2019-06-05,0.034482758620689655,0.0,0.034482758620689655,0.034482758620689655,0.0,0.034482758620689655,0.034482758620689655,0.06896551724137931,0.0,0.06896551724137931,0.0,0.06896551724137931,0.034482758620689655,0.034482758620689655,0.06896551724137931,0.034482758620689655,0.0,0.10344827586206896,0.0,0.034482758620689655,0.06896551724137931,0.06896551724137931,0.0,0.034482758620689655,0.06896551724137931,0.034482758620689655,0.0,0.0,0.0,0.034482758620689655
2019-06-06,0.0,0.06666666666666667,0.0,0.0,0.06666666666666667,0.0,0.0,0.0,0.0,0.06666666666666667,0.13333333333333333,0.0,0.06666666666666667,0.0,0.0,0.0,0.06666666666666667,0.06666666666666667,0.06666666666666667,0.0,0.06666666666666667,0.0,0.0,0.0,0.13333333333333333,0.06666666666666667,0.0,0.0,0.06666666666666667,0.06666666666666667
2019-06-07,0.06666666666666667,0.06666666666666667,0.1,0.0,0.1,0.06666666666666667,0.0,0.0,0.0,0.0,0.0,0.0,0.06666666666666667,0.03333333333333333,0.03333333333333333,0.1,0.03333333333333333,0.0,0.0,0.0,0.0,0.03333333333333333,0.0,0.0,0.03333333333333333,0.1,0.06666666666666667,0.0,0.06666666666666667,0.03333333333333333
2019-06-12,0.0,0.03571428571428571,0.0,0.0,0.03571428571428571,0.03571428571428571,0.03571428571428571,0.0,0.03571428571428571,0.10714285714285714,0.03571428571428571,0.07142857142857142,0.03571428571428571,0.03571428571428571,0.14285714285714285,0.0,0.03571428571428571,0.03571428571428571,0.03571428571428571,0.0,0.0,0.0,0.03571428571428571,0.0,0.07142857142857142,0.0,0.10714285714285714,0.03571428571428571,0.03571428571428571,0.0
2019-06-13,0.06666666666666667,0.0,0.0,0.06666666666666667,0.0,0.0,0.03333333333333333,0.06666666666666667,0.0,0.06666666666666667,0.13333333333333333,0.03333333333333333,0.0,0.0,0.03333333333333333,0.03333333333333333,0.0,0.06666666666666667,0.03333333333333333,0.06666666666666667,0.0,0.0,0.06666666666666667,0.0,0.03333333333333333,0.03333333333333333,0.03333333333333333,0.06666666666666667,0.03333333333333333,0.03333333333333333
2019-06-20,0.0,0.03571428571428571,0.07142857142857142,0.03571428571428571,0.0,0.10714285714285714,0.0,0.03571428571428571,0.07142857142857142,0.03571428571428571,0.03571428571428571,0.0,0.03571428571428571,0.0,0.0,0.0,0.0,0.03571428571428571,0.0,0.07142857142857142,0.10714285714285714,0.03571428571428571,0.07142857142857142,0.03571428571428571,0.03571428571428571,0.0,0.03571428571428571,0.0,0.0,0.10714285714285714
2019-06-24,0.04,0.0,0.0,0.12,0.04,0.08,0.0,0.04,0.0,0.0,0.08,0.0,0.04,0.0,0.08,0.0,0.0,0.08,0.04,0.04,0.0,0.0,0.08,0.0,0.04,0.04,0.04,0.04,0.0,0.08
2019-06-28,0.07142857142857142,0.0,0.0,0.0,0.0,0.07142857142857142,0.07142857142857142,0.07142857142857142,0.07142857142857142,0.0,0.0,0.07142857142857142,0.07142857142857142,0.21428571428571427,0.0,0.14285714285714285,0.07142857142857142,0.0,0.0,0.0,0.0,0.0,0.07142857142857142,0.0,0.0,0.0,0.0,0.0,0.0,0.0
2019-07-01,0.0,0.0,0.0,0.0,0.0,0.0,0.0,0.0,0.0,0.25,0.0,0.0,0.0,0.0,0.125,0.0,0.0,0.0,0.0,0.0,0.0,0.0,0.25,0.0,0.25,0.0,0.0,0.0,0.125,0.0
2019-07-03,0.05263157894736842,0.0,0.05263157894736842,0.05263157894736842,0.05263157894736842,0.05263157894736842,0.0,0.05263157894736842,0.10526315789473684,0.0,0.10526315789473684,0.05263157894736842,0.0,0.0,0.0,0.05263157894736842,0.0,0.05263157894736842,0.0,0.0,0.10526315789473684,0.0,0.0,0.0,0.0,0.05263157894736842,0.05263157894736842,0.0,0.05263157894736842,0.05263157894736842
2019-07-10,0.0,0.1,0.2,0.0,0.0,0.1,0.0,0.2,0.0,0.0,0.0,0.0,0.0,0.0,0.0,0.0,0.0,0.0,0.0,0.1,0.0,0.0,0.1,0.0,0.0,0.1,0.0,0.0,0.1,0.0
2019-07-26,0.0,0.0,0.0,0.0,0.25,0.0,0.0,0.0,0.0,0.0,0.0,0.0,0.0,0.0,0.0,0.25,0.0,0.0,0.25,0.25,0.0,0.0,0.0,0.0,0.0,0.0,0.0,0.0,0.0,0.0
2019-08-05,0.0449438202247191,0.0,0.056179775280898875,0.02247191011235955,0.033707865168539325,0.02247191011235955,0.02247191011235955,0.02247191011235955,0.011235955056179775,0.011235955056179775,0.033707865168539325,0.0449438202247191,0.07865168539325842,0.06741573033707865,0.033707865168539325,0.056179775280898875,0.011235955056179775,0.0449438202247191,0.02247191011235955,0.02247191011235955,0.056179775280898875,0.033707865168539325,0.06741573033707865,0.0449438202247191,0.02247191011235955,0.02247191011235955,0.056179775280898875,0.011235955056179775,0.011235955056179775,0.011235955056179775
2019-08-08,0.019230769230769232,0.0,0.0,0.019230769230769232,0.0,0.038461538461538464,0.057692307692307696,0.038461538461538464,0.038461538461538464,0.0,0.038461538461538464,0.038461538461538464,0.019230769230769232,0.057692307692307696,0.07692307692307693,0.038461538461538464,0.038461538461538464,0.0,0.057692307692307696,0.038461538461538464,0.019230769230769232,0.038461538461538464,0.019230769230769232,0.07692307692307693,0.057692307692307696,0.057692307692307696,0.038461538461538464,0.0,0.057692307692307696,0.019230769230769232
2019-08-09,0.058823529411764705,0.0,0.11764705882352941,0.0,0.058823529411764705,0.0,0.058823529411764705,0.11764705882352941,0.058823529411764705,0.0,0.0,0.058823529411764705,0.11764705882352941,0.11764705882352941,0.0,0.0,0.0,0.058823529411764705,0.0,0.058823529411764705,0.058823529411764705,0.0,0.0,0.0,0.0,0.0,0.0,0.058823529411764705,0.0,0.0
2019-08-12,0.0,0.0,0.0,0.0,0.0,0.0,0.2,0.0,0.0,0.0,0.0,0.0,0.0,0.2,0.0,0.0,0.0,0.0,0.2,0.0,0.0,0.1,0.0,0.1,0.0,0.0,0.0,0.1,0.0,0.1
2019-08-15,0.009615384615384616,0.009615384615384616,0.028846153846153848,0.028846153846153848,0.028846153846153848,0.04807692307692308,0.038461538461538464,0.019230769230769232,0.04807692307692308,0.028846153846153848,0.028846153846153848,0.028846153846153848,0.038461538461538464,0.038461538461538464,0.028846153846153848,0.028846153846153848,0.019230769230769232,0.057692307692307696,0.038461538461538464,0.028846153846153848,0.057692307692307696,0.019230769230769232,0.019230769230769232,0.04807692307692308,0.019230769230769232,0.04807692307692308,0.009615384615384616,0.038461538461538464,0.0673076923076923,0.04807692307692308
2019-08-20,0.08,0.0,0.08,0.08,0.0,0.08,0.04,0.04,0.04,0.04,0.0,0.0,0.04,0.08,0.0,0.04,0.0,0.0,0.12,0.0,0.0,0.0,0.0,0.04,0.04,0.0,0.04,0.0,0.04,0.08
2019-08-22,0.0,0.0,0.058823529411764705,0.029411764705882353,0.11764705882352941,0.029411764705882353,0.058823529411764705,0.029411764705882353,0.058823529411764705,0.058823529411764705,0.058823529411764705,0.058823529411764705,0.0,0.0,0.0,0.029411764705882353,0.0,0.0,0.029411764705882353,0.058823529411764705,0.029411764705882353,0.08823529411764706,0.029411764705882353,0.0,0.029411764705882353,0.029411764705882353,0.058823529411764705,0.0,0.0,0.058823529411764705
2019-08-23,0.0,0.0,0.0,0.0,0.0,0.0,0.0,0.0,0.0,0.0,0.0,0.0,0.0,0.0,0.3333333333333333,0.0,0.0,0.0,0.0,0.0,0.3333333333333333,0.0,0.3333333333333333,0.0,0.0,0.0,0.0,0.0,0.0,0.0
2019-09-03,0.05555555555555555,0.05555555555555555,0.08333333333333333,0.027777777777777776,0.027777777777777776,0.027777777777777776,0.05555555555555555,0.027777777777777776,0.0,0.0,0.05555555555555555,0.027777777777777776,0.027777777777777776,0.05555555555555555,0.027777777777777776,0.0,0.0,0.05555555555555555,0.05555555555555555,0.08333333333333333,0.027777777777777776,0.0,0.027777777777777776,0.05555555555555555,0.05555555555555555,0.027777777777777776,0.0,0.027777777777777776,0.0,0.027777777777777776
2019-09-05,0.0,0.25,0.0,0.0,0.0,0.0,0.0,0.0,0.0,0.0,0.0,0.0,0.0,0.0,0.0,0.0,0.25,0.0,0.0,0.25,0.0,0.0,0.0,0.25,0.0,0.0,0.0,0.0,0.0,0.0
2019-09-12,0.0,0.0,0.0,0.0,0.0,0.16666666666666666,0.0,0.0,0.3333333333333333,0.0,0.0,0.0,0.0,0.0,0.0,0.0,0.0,0.0,0.0,0.16666666666666666,0.3333333333333333,0.0,0.0,0.0,0.0,0.0,0.0,0.0,0.0,0.0
2019-09-16,0.0,0.09090909090909091,0.0,0.0,0.0,0.0,0.09090909090909091,0.0,0.0,0.09090909090909091,0.09090909090909091,0.09090909090909091,0.0,0.0,0.09090909090909091,0.0,0.0,0.09090909090909091,0.0,0.0,0.18181818181818182,0.0,0.0,0.0,0.09090909090909091,0.09090909090909091,0.0,0.0,0.0,0.0
2019-09-17,0.041666666666666664,0.0,0.125,0.0,0.0,0.0,0.041666666666666664,0.0,0.0,0.041666666666666664,0.0,0.0,0.041666666666666664,0.0,0.041666666666666664,0.041666666666666664,0.041666666666666664,0.0,0.041666666666666664,0.041666666666666664,0.041666666666666664,0.0,0.08333333333333333,0.041666666666666664,0.08333333333333333,0.0,0.0,0.125,0.041666666666666664,0.08333333333333333
2019-09-20,0.0,0.07142857142857142,0.0,0.0,0.0,0.0,0.0,0.0,0.07142857142857142,0.0,0.0,0.0,0.0,0.0,0.07142857142857142,0.0,0.0,0.0,0.07142857142857142,0.0,0.07142857142857142,0.14285714285714285,0.0,0.07142857142857142,0.07142857142857142,0.14285714285714285,0.21428571428571427,0.0,0.0,0.0
2019-09-24,0.08333333333333333,0.0,0.0,0.0,0.08333333333333333,0.0,0.0,0.08333333333333333,0.0,0.0,0.0,0.08333333333333333,0.0,0.08333333333333333,0.0,0.0,0.08333333333333333,0.0,0.0,0.16666666666666666,0.0,0.0,0.08333333333333333,0.0,0.08333333333333333,0.08333333333333333,0.0,0.08333333333333333,0.0,0.0
2019-09-26,0.0,0.0,0.3333333333333333,0.0,0.0,0.0,0.0,0.0,0.3333333333333333,0.0,0.0,0.0,0.0,0.0,0.3333333333333333,0.0,0.0,0.0,0.0,0.0,0.0,0.0,0.0,0.0,0.0,0.0,0.0,0.0,0.0,0.0
2019-09-30,0.0,0.125,0.125,0.0,0.0,0.0,0.0,0.125,0.0,0.0,0.125,0.0,0.0,0.0,0.0,0.0,0.0,0.0,0.0,0.0,0.0,0.0,0.0,0.125,0.0,0.0,0.0,0.25,0.125,0.0
2019-10-02,0.0,0.0,0.0,0.0,0.0,0.0,0.0,0.1111111111111111,0.0,0.1111111111111111,0.0,0.1111111111111111,0.1111111111111111,0.0,0.0,0.0,0.1111111111111111,0.0,0.0,0.0,0.1111111111111111,0.0,0.0,0.0,0.0,0.1111111111111111,0.0,0.0,0.2222222222222222,0.0
2019-10-03,0.07142857142857142,0.07142857142857142,0.0,0.07142857142857142,0.0,0.0,0.14285714285714285,0.0,0.0,0.07142857142857142,0.0,0.0,0.07142857142857142,0.0,0.0,0.0,0.0,0.0,0.07142857142857142,0.07142857142857142,0.0,0.0,0.07142857142857142,0.0,0.0,0.14285714285714285,0.14285714285714285,0.0,0.0,0.0
2019-10-10,0.0,0.0,0.07142857142857142,0.14285714285714285,0.0,0.0,0.0,0.0,0.07142857142857142,0.0,0.07142857142857142,0.0,0.0,0.0,0.14285714285714285,0.14285714285714285,0.0,0.0,0.07142857142857142,0.07142857142857142,0.07142857142857142,0.0,0.0,0.0,0.07142857142857142,0.07142857142857142,0.0,0.0,0.0,0.0
2019-10-11,0.0,0.0,0.0,0.0,0.0,0.0,0.0,0.0,0.3333333333333333,0.0,0.0,0.0,0.0,0.0,0.0,0.0,0.0,0.0,0.0,0.0,0.0,0.0,0.0,0.3333333333333333,0.0,0.3333333333333333,0.0,0.0,0.0,0.0
2019-10-15,0.0,0.14285714285714285,0.0,0.0,0.0,0.0,0.0,0.14285714285714285,0.14285714285714285,0.14285714285714285,0.0,0.0,0.0,0.14285714285714285,0.0,0.0,0.14285714285714285,0.0,0.0,0.0,0.0,0.14285714285714285,0.0,0.0,0.0,0.0,0.0,0.0,0.0,0.0
2019-10-16,0.0,0.0,0.0,0.0,0.0,0.0,0.0,0.0,0.0,0.0,0.0,0.0,0.0,0.0,0.25,0.0,0.0,0.25,0.25,0.0,0.0,0.0,0.0,0.0,0.0,0.0,0.0,0.0,0.0,0.25
2019-10-18,0.1,0.0,0.0,0.0,0.0,0.0,0.0,0.0,0.0,0.0,0.1,0.0,0.0,0.1,0.0,0.0,0.0,0.0,0.1,0.0,0.0,0.2,0.0,0.1,0.0,0.0,0.1,0.1,0.1,0.0
2019-10-22,0.0,0.14285714285714285,0.0,0.0,0.0,0.0,0.0,0.0,0.0,0.0,0.0,0.2857142857142857,0.0,0.14285714285714285,0.0,0.14285714285714285,0.0,0.14285714285714285,0.0,0.0,0.0,0.0,0.0,0.0,0.0,0.0,0.0,0.14285714285714285,0.0,0.0
2019-10-23,0.0,0.0,0.0,0.16666666666666666,0.0,0.0,0.0,0.0,0.0,0.0,0.0,0.0,0.0,0.16666666666666666,0.0,0.0,0.16666666666666666,0.0,0.0,0.0,0.0,0.0,0.0,0.0,0.0,0.16666666666666666,0.0,0.0,0.16666666666666666,0.16666666666666666
2019-10-24,0.125,0.0,0.125,0.125,0.0,0.375,0.0,0.0,0.0,0.0,0.0,0.0,0.125,0.0,0.0,0.0,0.0,0.125,0.0,0.0,0.0,0.0,0.0,0.0,0.0,0.0,0.0,0.0,0.0,0.0
2019-10-31,0.0,0.0,0.0,0.0,0.0,0.14285714285714285,0.0,0.0,0.0,0.14285714285714285,0.0,0.0,0.14285714285714285,0.0,0.0,0.0,0.0,0.0,0.0,0.14285714285714285,0.0,0.0,0.0,0.0,0.0,0.0,0.2857142857142857,0.0,0.0,0.14285714285714285
2019-11-05,0.0,0.09523809523809523,0.047619047619047616,0.0,0.047619047619047616,0.14285714285714285,0.047619047619047616,0.047619047619047616,0.0,0.047619047619047616,0.09523809523809523,0.0,0.047619047619047616,0.0,0.047619047619047616,0.047619047619047616,0.0,0.0,0.0,0.047619047619047616,0.047619047619047616,0.09523809523809523,0.0,0.0,0.0,0.09523809523809523,0.0,0.0,0.0,0.0
2019-11-14,0.02564102564102564,0.02564102564102564,0.02564102564102564,0.02564102564102564,0.05128205128205128,0.05128205128205128,0.02564102564102564,0.02564102564102564,0.07692307692307693,0.05128205128205128,0.05128205128205128,0.02564102564102564,0.05128205128205128,0.02564102564102564,0.05128205128205128,0.02564102564102564,0.0,0.02564102564102564,0.0,0.07692307692307693,0.10256410256410256,0.02564102564102564,0.0,0.0,0.02564102564102564,0.0,0.02564102564102564,0.02564102564102564,0.0,0.07692307692307693
2019-11-18,0.0,0.03225806451612903,0.06451612903225806,0.03225806451612903,0.03225806451612903,0.03225806451612903,0.03225806451612903,0.03225806451612903,0.0,0.03225806451612903,0.0,0.03225806451612903,0.0967741935483871,0.03225806451612903,0.0,0.06451612903225806,0.0,0.0967741935483871,0.0,0.0,0.0,0.06451612903225806,0.03225806451612903,0.0,0.03225806451612903,0.03225806451612903,0.03225806451612903,0.03225806451612903,0.06451612903225806,0.0967741935483871
2019-12-04,0.0,0.0,0.0,0.0625,0.0,0.0,0.0,0.0625,0.0625,0.0625,0.0625,0.0,0.0,0.0,0.0,0.0,0.0,0.0,0.0,0.0,0.125,0.0,0.0625,0.25,0.0,0.0625,0.0,0.0,0.125,0.0625
2019-12-09,0.0,0.0,0.125,0.0,0.0,0.0,0.125,0.0,0.0,0.125,0.0,0.0,0.0,0.125,0.0,0.0,0.0,0.0,0.0,0.0,0.0,0.0,0.125,0.0,0.0,0.125,0.125,0.0,0.0,0.125
2019-12-12,0.0,0.08333333333333333,0.0,0.0,0.0,0.0,0.0,0.08333333333333333,0.0,0.0,0.0,0.08333333333333333,0.16666666666666666,0.0,0.0,0.08333333333333333,0.0,0.08333333333333333,0.0,0.0,0.08333333333333333,0.0,0.0,0.3333333333333333,0.0,0.0,0.0,0.0,0.0,0.0
2019-12-27,0.0,0.0,0.0,0.0,0.0,0.16666666666666666,0.0,0.0,0.0,0.0,0.0,0.0,0.0,0.0,0.0,0.0,0.0,0.0,0.0,0.0,0.3333333333333333,0.0,0.3333333333333333,0.0,0.0,0.16666666666666666,0.0,0.0,0.0,0.0
2020-01-06,0.0,0.0,0.0,0.0,0.25,0.25,0.25,0.0,0.0,0.0,0.0,0.0,0.0,0.0,0.0,0.0,0.0,0.0,0.0,0.0,0.0,0.0,0.0,0.25,0.0,0.0,0.0,0.0,0.0,0.0
2020-01-08,0.0,0.058823529411764705,0.0,0.0,0.058823529411764705,0.0,0.058823529411764705,0.0,0.0,0.058823529411764705,0.058823529411764705,0.11764705882352941,0.0,0.0,0.0,0.11764705882352941,0.0,0.0,0.058823529411764705,0.0,0.0,0.0,0.058823529411764705,0.058823529411764705,0.058823529411764705,0.058823529411764705,0.11764705882352941,0.0,0.058823529411764705,0.0
2020-01-13,0.0,0.0,0.045454545454545456,0.0,0.045454545454545456,0.0,0.0,0.045454545454545456,0.045454545454545456,0.13636363636363635,0.045454545454545456,0.0,0.0,0.0,0.0,0.09090909090909091,0.045454545454545456,0.045454545454545456,0.09090909090909091,0.045454545454545456,0.045454545454545456,0.045454545454545456,0.0,0.0,0.045454545454545456,0.045454545454545456,0.045454545454545456,0.045454545454545456,0.0,0.045454545454545456
2020-01-17,0.0,0.1111111111111111,0.1111111111111111,0.0,0.0,0.0,0.0,0.0,0.0,0.0,0.0,0.0,0.1111111111111111,0.0,0.0,0.1111111111111111,0.0,0.2222222222222222,0.0,0.1111111111111111,0.0,0.0,0.0,0.1111111111111111,0.0,0.0,0.1111111111111111,0.0,0.0,0.0
2020-01-24,0.1,0.0,0.0,0.0,0.0,0.0,0.0,0.0,0.1,0.0,0.0,0.0,0.0,0.0,0.1,0.0,0.1,0.1,0.1,0.0,0.0,0.0,0.0,0.2,0.0,0.0,0.0,0.0,0.0,0.2
2020-01-29,0.0,0.0,0.2,0.0,0.2,0.0,0.2,0.0,0.0,0.0,0.0,0.0,0.0,0.0,0.0,0.0,0.0,0.0,0.0,0.0,0.0,0.0,0.0,0.0,0.0,0.0,0.0,0.2,0.0,0.2
2020-02-01,0.043478260869565216,0.021739130434782608,0.06521739130434782,0.0,0.06521739130434782,0.043478260869565216,0.021739130434782608,0.043478260869565216,0.021739130434782608,0.021739130434782608,0.043478260869565216,0.043478260869565216,0.021739130434782608,0.06521739130434782,0.043478260869565216,0.021739130434782608,0.021739130434782608,0.043478260869565216,0.021739130434782608,0.043478260869565216,0.043478260869565216,0.0,0.0,0.021739130434782608,0.0,0.021739130434782608,0.021739130434782608,0.0,0.08695652173913043,0.08695652173913043
2020-02-13,0.0,0.0,0.0,0.08333333333333333,0.0,0.0,0.08333333333333333,0.0,0.0,0.0,0.0,0.0,0.0,0.0,0.16666666666666666,0.0,0.0,0.0,0.08333333333333333,0.08333333333333333,0.16666666666666666,0.0,0.08333333333333333,0.08333333333333333,0.0,0.08333333333333333,0.0,0.0,0.0,0.08333333333333333
2020-02-18,0.09375,0.0,0.03125,0.03125,0.03125,0.03125,0.0,0.09375,0.03125,0.03125,0.0,0.0625,0.09375,0.0,0.03125,0.0,0.0,0.03125,0.03125,0.0,0.03125,0.03125,0.03125,0.0625,0.09375,0.0,0.0625,0.03125,0.03125,0.0
2020-02-20,0.07407407407407407,0.037037037037037035,0.037037037037037035,0.037037037037037035,0.037037037037037035,0.07407407407407407,0.037037037037037035,0.0,0.0,0.037037037037037035,0.037037037037037035,0.07407407407407407,0.037037037037037035,0.0,0.0,0.0,0.037037037037037035,0.1111111111111111,0.0,0.0,0.07407407407407407,0.0,0.0,0.0,0.037037037037037035,0.037037037037037035,0.037037037037037035,0.037037037037037035,0.037037037037037035,0.07407407407407407
2020-02-26,0.0,0.0,0.03225806451612903,0.06451612903225806,0.0,0.03225806451612903,0.06451612903225806,0.0,0.0967741935483871,0.03225806451612903,0.06451612903225806,0.03225806451612903,0.03225806451612903,0.03225806451612903,0.06451612903225806,0.0,0.0,0.03225806451612903,0.03225806451612903,0.03225806451612903,0.03225806451612903,0.03225806451612903,0.0967741935483871,0.03225806451612903,0.03225806451612903,0.0,0.03225806451612903,0.0,0.03225806451612903,0.06451612903225806
2020-03-05,0.0,0.0,0.0,0.0,0.0,0.0,0.0,0.3333333333333333,0.0,0.0,0.0,0.0,0.0,0.16666666666666666,0.0,0.0,0.0,0.0,0.0,0.0,0.16666666666666666,0.0,0.0,0.0,0.16666666666666666,0.16666666666666666,0.0,0.0,0.0,0.0
2020-03-10,0.0,0.0,0.0,0.0,0.0,0.0,0.0,0.0,0.0,0.0,0.0,0.0,0.0,0.0,0.0,0.0,0.0,0.0,0.0,0.0,0.0,0.0,1.0,0.0,0.0,0.0,0.0,0.0,0.0,0.0
2020-03-18,0.0,0.0,0.0,0.0,0.0,0.0,1.0,0.0,0.0,0.0,0.0,0.0,0.0,0.0,0.0,0.0,0.0,0.0,0.0,0.0,0.0,0.0,0.0,0.0,0.0,0.0,0.0,0.0,0.0,0.0
2020-03-19,0.0,0.0,0.0,0.0,0.5,0.0,0.0,0.0,0.0,0.0,0.0,0.0,0.0,0.0,0.0,0.0,0.0,0.0,0.0,0.0,0.0,0.0,0.0,0.5,0.0,0.0,0.0,0.0,0.0,0.0
2020-03-20,0.0,0.0847457627118644,0.01694915254237288,0.1016949152542373,0.05084745762711865,0.05084745762711865,0.01694915254237288,0.0,0.0,0.01694915254237288,0.01694915254237288,0.01694915254237288,0.03389830508474576,0.05084745762711865,0.0,0.0,0.0,0.01694915254237288,0.06779661016949153,0.06779661016949153,0.01694915254237288,0.06779661016949153,0.0,0.03389830508474576,0.05084745762711865,0.03389830508474576,0.03389830508474576,0.03389830508474576,0.06779661016949153,0.05084745762711865
2020-03-23,0.0,0.0625,0.03125,0.0,0.125,0.0,0.0,0.0625,0.0,0.0,0.03125,0.03125,0.0,0.0,0.0625,0.03125,0.03125,0.0625,0.0,0.0,0.0625,0.03125,0.03125,0.03125,0.0,0.125,0.0625,0.03125,0.03125,0.0625
2020-03-25,0.08333333333333333,0.0,0.08333333333333333,0.0,0.0,0.0,0.08333333333333333,0.0,0.08333333333333333,0.08333333333333333,0.0,0.0,0.0,0.0,0.0,0.0,0.16666666666666666,0.16666666666666666,0.08333333333333333,0.0,0.0,0.0,0.0,0.0,0.0,0.0,0.0,0.08333333333333333,0.08333333333333333,0.0
2020-03-26,0.0,0.0,0.0,0.0,0.0,0.0,0.0,0.0,0.0,0.0,0.3333333333333333,0.0,0.0,0.0,0.0,0.0,0.0,0.0,0.0,0.0,0.0,0.0,0.0,0.3333333333333333,0.0,0.0,0.0,0.3333333333333333,0.0,0.0
2020-03-31,0.0,0.0,0.047619047619047616,0.0,0.09523809523809523,0.0,0.09523809523809523,0.0,0.09523809523809523,0.0,0.0,0.0,0.047619047619047616,0.0,0.09523809523809523,0.047619047619047616,0.047619047619047616,0.047619047619047616,0.0,0.047619047619047616,0.0,0.047619047619047616,0.09523809523809523,0.047619047619047616,0.09523809523809523,0.0,0.0,0.047619047619047616,0.0,0.0
2020-04-02,0.07142857142857142,0.0,0.0,0.0,0.0,0.07142857142857142,0.07142857142857142,0.0,0.07142857142857142,0.0,0.0,0.07142857142857142,0.0,0.0,0.07142857142857142,0.0,0.0,0.0,0.07142857142857142,0.07142857142857142,0.14285714285714285,0.14285714285714285,0.07142857142857142,0.0,0.07142857142857142,0.0,0.0,0.0,0.0,0.0
2020-04-03,0.16666666666666666,0.0,0.16666666666666666,0.16666666666666666,0.0,0.0,0.0,0.0,0.0,0.0,0.0,0.0,0.0,0.0,0.0,0.16666666666666666,0.16666666666666666,0.0,0.0,0.16666666666666666,0.0,0.0,0.0,0.0,0.0,0.0,0.0,0.0,0.0,0.0
2020-04-07,0.0,0.0,0.0,0.0,0.038461538461538464,0.0,0.07692307692307693,0.038461538461538464,0.038461538461538464,0.0,0.0,0.07692307692307693,0.15384615384615385,0.038461538461538464,0.07692307692307693,0.038461538461538464,0.07692307692307693,0.07692307692307693,0.07692307692307693,0.038461538461538464,0.0,0.0,0.07692307692307693,0.0,0.0,0.0,0.038461538461538464,0.0,0.0,0.038461538461538464
2020-04-08,0.05263157894736842,0.0,0.0,0.0,0.0,0.05263157894736842,0.05263157894736842,0.05263157894736842,0.10526315789473684,0.0,0.10526315789473684,0.0,0.0,0.0,0.05263157894736842,0.05263157894736842,0.05263157894736842,0.05263157894736842,0.0,0.0,0.10526315789473684,0.21052631578947367,0.0,0.0,0.0,0.0,0.05263157894736842,0.0,0.0,0.0
2020-04-13,0.0,0.0,0.0,0.16666666666666666,0.0,0.16666666666666666,0.0,0.0,0.0,0.0,0.0,0.16666666666666666,0.0,0.0,0.0,0.0,0.0,0.0,0.0,0.16666666666666666,0.3333333333333333,0.0,0.0,0.0,0.0,0.0,0.0,0.0,0.0,0.0
2020-04-16,0.0,0.0,0.0,0.0,0.0,0.16666666666666666,0.0,0.0,0.16666666666666666,0.0,0.0,0.16666666666666666,0.0,0.0,0.0,0.0,0.16666666666666666,0.0,0.0,0.0,0.16666666666666666,0.0,0.0,0.16666666666666666,0.0,0.0,0.0,0.0,0.0,0.0
2020-04-17,0.0,0.05555555555555555,0.05555555555555555,0.0,0.0,0.0,0.1111111111111111,0.0,0.05555555555555555,0.0,0.16666666666666666,0.1111111111111111,0.0,0.0,0.0,0.0,0.05555555555555555,0.0,0.0,0.0,0.05555555555555555,0.05555555555555555,0.0,0.0,0.16666666666666666,0.0,0.0,0.0,0.1111111111111111,0.0
2020-04-20,0.08695652173913043,0.0,0.0,0.08695652173913043,0.0,0.043478260869565216,0.0,0.0,0.0,0.043478260869565216,0.08695652173913043,0.0,0.043478260869565216,0.043478260869565216,0.0,0.0,0.043478260869565216,0.13043478260869565,0.043478260869565216,0.0,0.043478260869565216,0.0,0.043478260869565216,0.0,0.043478260869565216,0.0,0.0,0.13043478260869565,0.043478260869565216,0.043478260869565216
2020-05-08,0.0,0.05555555555555555,0.0,0.0,0.05555555555555555,0.05555555555555555,0.2222222222222222,0.0,0.0,0.0,0.0,0.05555555555555555,0.05555555555555555,0.0,0.05555555555555555,0.0,0.0,0.05555555555555555,0.0,0.05555555555555555,0.0,0.1111111111111111,0.0,0.0,0.05555555555555555,0.0,0.0,0.1111111111111111,0.0,0.05555555555555555
2020-05-18,0.0,0.0,0.0,0.0,0.0,0.0,0.0,0.07142857142857142,0.03571428571428571,0.14285714285714285,0.10714285714285714,0.10714285714285714,0.0,0.0,0.0,0.0,0.03571428571428571,0.03571428571428571,0.21428571428571427,0.0,0.0,0.07142857142857142,0.07142857142857142,0.0,0.0,0.03571428571428571,0.0,0.03571428571428571,0.0,0.03571428571428571
2020-05-19,0.03125,0.0,0.03125,0.0,0.03125,0.125,0.0625,0.09375,0.03125,0.0,0.0,0.03125,0.0,0.03125,0.0,0.03125,0.03125,0.0625,0.03125,0.03125,0.03125,0.09375,0.03125,0.03125,0.0625,0.0,0.03125,0.03125,0.0,0.03125
2020-05-20,0.0,0.0,0.0,0.0,1.0,0.0,0.0,0.0,0.0,0.0,0.0,0.0,0.0,0.0,0.0,0.0,0.0,0.0,0.0,0.0,0.0,0.0,0.0,0.0,0.0,0.0,0.0,0.0,0.0,0.0
2020-05-21,0.18181818181818182,0.09090909090909091,0.09090909090909091,0.0,0.0,0.0,0.0,0.0,0.0,0.09090909090909091,0.09090909090909091,0.0,0.0,0.0,0.0,0.0,0.0,0.0,0.0,0.09090909090909091,0.0,0.09090909090909091,0.09090909090909091,0.0,0.09090909090909091,0.09090909090909091,0.0,0.0,0.0,0.0
2020-06-03,0.0,0.0,0.0,0.0,0.0,0.16666666666666666,0.0,0.0,0.16666666666666666,0.0,0.0,0.0,0.0,0.16666666666666666,0.0,0.0,0.0,0.0,0.0,0.0,0.0,0.16666666666666666,0.0,0.0,0.16666666666666666,0.0,0.0,0.16666666666666666,0.0,0.0
2020-06-10,0.0,0.0,0.0,0.0,0.0,0.3333333333333333,0.0,0.3333333333333333,0.0,0.0,0.0,0.0,0.0,0.0,0.0,0.0,0.0,0.0,0.0,0.0,0.0,0.0,0.0,0.0,0.0,0.0,0.3333333333333333,0.0,0.0,0.0
2020-06-11,0.0,0.0,0.0,0.0,0.0,0.0,0.0,0.0,0.0,0.0,0.0,0.0,0.09090909090909091,0.09090909090909091,0.09090909090909091,0.0,0.0,0.0,0.0,0.0,0.0,0.18181818181818182,0.09090909090909091,0.0,0.09090909090909091,0.0,0.09090909090909091,0.0,0.18181818181818182,0.09090909090909091
2020-06-12,0.0,0.0,0.0625,0.0,0.0,0.125,0.0,0.0,0.125,0.0,0.0,0.0625,0.0625,0.0,0.0625,0.0,0.0625,0.0625,0.0,0.0625,0.0,0.0,0.0,0.0625,0.0,0.125,0.0,0.0,0.0625,0.0625
2020-06-17,0.125,0.0,0.0,0.0,0.0,0.0,0.0,0.0,0.0,0.0,0.0,0.0,0.0,0.125,0.0,0.0,0.25,0.0,0.0,0.0,0.125,0.0,0.125,0.0,0.0,0.25,0.0,0.0,0.0,0.0
2020-06-23,0.0,0.0,0.0,0.0,0.0,0.0,0.0,0.0,0.0,0.0,0.0,0.0,0.0,0.0,0.0,0.0,0.0,0.0,0.0,0.0,0.0,0.0,1.0,0.0,0.0,0.0,0.0,0.0,0.0,0.0
2020-06-24,0.0,0.1,0.0,0.0,0.0,0.1,0.0,0.1,0.0,0.0,0.0,0.0,0.0,0.0,0.0,0.1,0.1,0.0,0.0,0.0,0.1,0.0,0.1,0.1,0.1,0.0,0.0,0.1,0.0,0.0
2020-06-30,0.0,0.0,0.0,0.0,0.0,0.1111111111111111,0.1111111111111111,0.1111111111111111,0.0,0.0,0.1111111111111111,0.0,0.0,0.0,0.0,0.0,0.2222222222222222,0.0,0.1111111111111111,0.0,0.0,0.1111111111111111,0.0,0.0,0.0,0.0,0.0,0.0,0.1111111111111111,0.0
2020-07-07,0.0,0.0,0.0,0.0,0.25,0.0,0.0,0.0,0.0,0.0,0.0,0.25,0.0,0.0,0.0,0.25,0.0,0.0,0.0,0.0,0.0,0.0,0.0,0.25,0.0,0.0,0.0,0.0,0.0,0.0
2020-07-08,0.0,0.0,0.0,0.0,0.0,0.2,0.0,0.2,0.0,0.0,0.0,0.0,0.0,0.0,0.0,0.0,0.0,0.2,0.0,0.0,0.0,0.0,0.0,0.0,0.0,0.2,0.2,0.0,0.0,0.0
2020-07-14,0.06666666666666667,0.06666666666666667,0.13333333333333333,0.06666666666666667,0.0,0.06666666666666667,0.0,0.0,0.0,0.0,0.06666666666666667,0.0,0.06666666666666667,0.0,0.0,0.0,0.0,0.0,0.0,0.0,0.0,0.06666666666666667,0.06666666666666667,0.0,0.0,0.0,0.0,0.0,0.06666666666666667,0.26666666666666666
2020-07-15,0.0,0.0,0.0,0.0,0.05555555555555555,0.0,0.05555555555555555,0.05555555555555555,0.0,0.05555555555555555,0.1111111111111111,0.05555555555555555,0.0,0.0,0.05555555555555555,0.0,0.0,0.0,0.1111111111111111,0.0,0.05555555555555555,0.16666666666666666,0.05555555555555555,0.05555555555555555,0.0,0.0,0.05555555555555555,0.05555555555555555,0.0,0.0
2020-07-20,0.04878048780487805,0.04878048780487805,0.024390243902439025,0.0,0.04878048780487805,0.0,0.024390243902439025,0.0,0.024390243902439025,0.0,0.07317073170731707,0.024390243902439025,0.04878048780487805,0.0,0.024390243902439025,0.024390243902439025,0.024390243902439025,0.024390243902439025,0.0,0.0,0.14634146341463414,0.0,0.07317073170731707,0.024390243902439025,0.07317073170731707,0.0,0.024390243902439025,0.024390243902439025,0.0975609756097561,0.07317073170731707
2020-07-21,0.14285714285714285,0.14285714285714285,0.0,0.14285714285714285,0.0,0.0,0.0,0.0,0.0,0.0,0.0,0.0,0.0,0.0,0.0,0.0,0.0,0.0,0.0,0.14285714285714285,0.0,0.0,0.0,0.0,0.0,0.0,0.14285714285714285,0.14285714285714285,0.0,0.14285714285714285
2020-07-22,0.02666666666666667,0.02666666666666667,0.04,0.08,0.02666666666666667,0.05333333333333334,0.013333333333333334,0.013333333333333334,0.04,0.04,0.04,0.05333333333333334,0.02666666666666667,0.04,0.05333333333333334,0.06666666666666667,0.0,0.02666666666666667,0.02666666666666667,0.04,0.013333333333333334,0.05333333333333334,0.02666666666666667,0.0,0.05333333333333334,0.0,0.013333333333333334,0.013333333333333334,0.04,0.05333333333333334
2020-07-23,0.0,0.0,0.0,0.07692307692307693,0.0,0.07692307692307693,0.0,0.0,0.0,0.0,0.0,0.15384615384615385,0.0,0.0,0.0,0.0,0.0,0.0,0.0,0.38461538461538464,0.0,0.0,0.15384615384615385,0.0,0.07692307692307693,0.07692307692307693,0.0,0.0,0.0,0.0
2020-07-28,0.0,0.1,0.0,0.0,0.0,0.0,0.1,0.0,0.0,0.1,0.1,0.1,0.0,0.0,0.0,0.0,0.0,0.1,0.0,0.1,0.2,0.0,0.0,0.0,0.0,0.0,0.0,0.0,0.0,0.1
2020-07-30,0.0,0.0,0.0,0.0,0.0,0.0,0.0,0.0,0.0,0.2,0.0,0.2,0.0,0.0,0.0,0.0,0.0,0.0,0.0,0.0,0.2,0.0,0.0,0.2,0.0,0.0,0.0,0.0,0.0,0.2
2020-08-04,0.0,0.25,0.0,0.0,0.0,0.0,0.25,0.0,0.0,0.0,0.0,0.0,0.0,0.0,0.25,0.0,0.0,0.25,0.0,0.0,0.0,0.0,0.0,0.0,0.0,0.0,0.0,0.0,0.0,0.0
2020-08-11,0.0,0.0,0.2,0.0,0.0,0.0,0.2,0.0,0.0,0.0,0.0,0.0,0.0,0.2,0.0,0.0,0.0,0.0,0.2,0.0,0.0,0.0,0.2,0.0,0.0,0.0,0.0,0.0,0.0,0.0
2020-08-13,0.0,0.0,0.0,0.0,0.0,0.0,0.3333333333333333,0.3333333333333333,0.0,0.0,0.0,0.0,0.0,0.0,0.0,0.0,0.0,0.0,0.0,0.0,0.0,0.0,0.0,0.3333333333333333,0.0,0.0,0.0,0.0,0.0,0.0
2020-08-17,0.0,0.0,0.05263157894736842,0.05263157894736842,0.0,0.10526315789473684,0.10526315789473684,0.05263157894736842,0.05263157894736842,0.0,0.0,0.0,0.0,0.0,0.10526315789473684,0.0,0.05263157894736842,0.0,0.05263157894736842,0.0,0.0,0.15789473684210525,0.0,0.0,0.05263157894736842,0.0,0.0,0.05263157894736842,0.0,0.10526315789473684
2020-08-18,0.03896103896103896,0.05194805194805195,0.06493506493506493,0.03896103896103896,0.025974025974025976,0.03896103896103896,0.025974025974025976,0.025974025974025976,0.0,0.03896103896103896,0.012987012987012988,0.03896103896103896,0.025974025974025976,0.06493506493506493,0.025974025974025976,0.03896103896103896,0.03896103896103896,0.0,0.025974025974025976,0.03896103896103896,0.012987012987012988,0.05194805194805195,0.03896103896103896,0.0,0.03896103896103896,0.012987012987012988,0.025974025974025976,0.05194805194805195,0.03896103896103896,0.06493506493506493
2020-08-27,0.02702702702702703,0.02702702702702703,0.05405405405405406,0.02702702702702703,0.0,0.02702702702702703,0.05405405405405406,0.0,0.05405405405405406,0.0,0.05405405405405406,0.0,0.08108108108108109,0.05405405405405406,0.0,0.02702702702702703,0.10810810810810811,0.02702702702702703,0.0,0.0,0.02702702702702703,0.02702702702702703,0.02702702702702703,0.0,0.05405405405405406,0.05405405405405406,0.02702702702702703,0.05405405405405406,0.08108108108108109,0.02702702702702703
2020-08-28,0.0,0.02631578947368421,0.02631578947368421,0.0,0.05263157894736842,0.02631578947368421,0.02631578947368421,0.05263157894736842,0.02631578947368421,0.02631578947368421,0.05263157894736842,0.0,0.02631578947368421,0.02631578947368421,0.07894736842105263,0.05263157894736842,0.02631578947368421,0.05263157894736842,0.02631578947368421,0.02631578947368421,0.02631578947368421,0.13157894736842105,0.05263157894736842,0.0,0.05263157894736842,0.05263157894736842,0.0,0.02631578947368421,0.02631578947368421,0.0
2020-08-31,0.08333333333333333,0.08333333333333333,0.08333333333333333,0.0,0.08333333333333333,0.0,0.0,0.0,0.0,0.08333333333333333,0.0,0.0,0.0,0.0,0.0,0.0,0.08333333333333333,0.0,0.08333333333333333,0.08333333333333333,0.0,0.08333333333333333,0.0,0.0,0.0,0.16666666666666666,0.08333333333333333,0.0,0.0,0.0
2020-09-02,0.0,0.0,0.0,0.0,0.3333333333333333,0.0,0.0,0.0,0.0,0.0,0.0,0.0,0.0,0.3333333333333333,0.0,0.0,0.0,0.0,0.0,0.0,0.0,0.3333333333333333,0.0,0.0,0.0,0.0,0.0,0.0,0.0,0.0
2020-09-10,0.0,0.0,0.0,0.25,0.0,0.0,0.0,0.0,0.0,0.0,0.0,0.25,0.0,0.0,0.0,0.0,0.0,0.25,0.0,0.0,0.0,0.0,0.0,0.0,0.0,0.0,0.0,0.0,0.25,0.0
2020-09-14,0.0,0.03333333333333333,0.0,0.03333333333333333,0.0,0.06666666666666667,0.1,0.06666666666666667,0.0,0.0,0.0,0.06666666666666667,0.03333333333333333,0.03333333333333333,0.0,0.0,0.0,0.03333333333333333,0.03333333333333333,0.03333333333333333,0.06666666666666667,0.06666666666666667,0.0,0.03333333333333333,0.06666666666666667,0.06666666666666667,0.0,0.0,0.1,0.06666666666666667
2020-09-15,0.02702702702702703,0.0,0.0,0.05405405405405406,0.08108108108108109,0.08108108108108109,0.05405405405405406,0.0,0.02702702702702703,0.02702702702702703,0.02702702702702703,0.10810810810810811,0.05405405405405406,0.0,0.05405405405405406,0.02702702702702703,0.0,0.0,0.02702702702702703,0.02702702702702703,0.0,0.0,0.02702702702702703,0.05405405405405406,0.05405405405405406,0.05405405405405406,0.0,0.08108108108108109,0.02702702702702703,0.02702702702702703
2020-09-16,0.0,0.0,0.0,0.041666666666666664,0.041666666666666664,0.041666666666666664,0.0,0.0,0.041666666666666664,0.041666666666666664,0.0,0.041666666666666664,0.041666666666666664,0.041666666666666664,0.0,0.0,0.08333333333333333,0.0,0.08333333333333333,0.0,0.041666666666666664,0.041666666666666664,0.0,0.08333333333333333,0.08333333333333333,0.041666666666666664,0.08333333333333333,0.041666666666666664,0.0,0.08333333333333333
2020-09-17,0.16666666666666666,0.1111111111111111,0.05555555555555555,0.0,0.0,0.05555555555555555,0.05555555555555555,0.05555555555555555,0.05555555555555555,0.0,0.0,0.05555555555555555,0.0,0.05555555555555555,0.0,0.05555555555555555,0.0,0.0,0.0,0.05555555555555555,0.0,0.0,0.05555555555555555,0.05555555555555555,0.05555555555555555,0.0,0.0,0.05555555555555555,0.0,0.0
2020-09-21,0.034482758620689655,0.034482758620689655,0.06896551724137931,0.0,0.10344827586206896,0.034482758620689655,0.0,0.0,0.0,0.034482758620689655,0.034482758620689655,0.034482758620689655,0.034482758620689655,0.06896551724137931,0.034482758620689655,0.06896551724137931,0.10344827586206896,0.0,0.0,0.0,0.034482758620689655,0.0,0.034482758620689655,0.034482758620689655,0.06896551724137931,0.0,0.0,0.06896551724137931,0.0,0.06896551724137931
2020-09-22,0.0,0.02857142857142857,0.0,0.02857142857142857,0.02857142857142857,0.02857142857142857,0.0,0.11428571428571428,0.02857142857142857,0.0,0.02857142857142857,0.02857142857142857,0.0,0.11428571428571428,0.02857142857142857,0.02857142857142857,0.0,0.02857142857142857,0.0,0.05714285714285714,0.02857142857142857,0.02857142857142857,0.02857142857142857,0.02857142857142857,0.02857142857142857,0.0,0.02857142857142857,0.11428571428571428,0.02857142857142857,0.11428571428571428
2020-09-23,0.04081632653061224,0.061224489795918366,0.10204081632653061,0.04081632653061224,0.061224489795918366,0.0,0.0,0.04081632653061224,0.02040816326530612,0.061224489795918366,0.04081632653061224,0.04081632653061224,0.04081632653061224,0.061224489795918366,0.02040816326530612,0.0,0.04081632653061224,0.0,0.08163265306122448,0.0,0.02040816326530612,0.02040816326530612,0.04081632653061224,0.04081632653061224,0.04081632653061224,0.0,0.061224489795918366,0.0,0.02040816326530612,0.0
2020-09-24,0.0,0.0,0.0625,0.0,0.0,0.125,0.0,0.0,0.0625,0.0,0.0,0.0625,0.0625,0.0,0.0625,0.0,0.0625,0.0,0.0,0.0,0.0,0.0625,0.0,0.125,0.125,0.0,0.0625,0.0625,0.0,0.0625
2020-09-28,0.0,0.0,0.0,0.0625,0.0,0.0,0.0625,0.0,0.0,0.0,0.0625,0.0,0.1875,0.0625,0.0,0.0,0.0,0.0625,0.0,0.0625,0.0625,0.0,0.0,0.0,0.0625,0.0,0.1875,0.0,0.125,0.0
2020-09-29,0.05714285714285714,0.02857142857142857,0.05714285714285714,0.0,0.0,0.05714285714285714,0.02857142857142857,0.05714285714285714,0.08571428571428572,0.02857142857142857,0.02857142857142857,0.02857142857142857,0.02857142857142857,0.05714285714285714,0.0,0.0,0.05714285714285714,0.08571428571428572,0.02857142857142857,0.0,0.0,0.02857142857142857,0.02857142857142857,0.02857142857142857,0.02857142857142857,0.08571428571428572,0.05714285714285714,0.02857142857142857,0.0,0.0
2020-10-02,0.058823529411764705,0.0,0.029411764705882353,0.029411764705882353,0.029411764705882353,0.0,0.11764705882352941,0.08823529411764706,0.0,0.0,0.0,0.058823529411764705,0.029411764705882353,0.029411764705882353,0.058823529411764705,0.058823529411764705,0.08823529411764706,0.029411764705882353,0.029411764705882353,0.0,0.0,0.029411764705882353,0.0,0.058823529411764705,0.029411764705882353,0.0,0.0,0.08823529411764706,0.029411764705882353,0.029411764705882353
2020-10-06,0.0,0.125,0.0,0.125,0.0,0.0,0.0,0.0,0.0,0.0,0.0,0.0,0.0,0.0,0.0,0.0,0.0,0.0,0.0,0.0,0.125,0.0,0.125,0.375,0.0,0.0,0.0,0.125,0.0,0.0
2020-10-09,0.0,0.0,0.0,0.0,0.0,0.0,0.0,0.0,0.0,0.0,0.0,0.0,1.0,0.0,0.0,0.0,0.0,0.0,0.0,0.0,0.0,0.0,0.0,0.0,0.0,0.0,0.0,0.0,0.0,0.0
2020-10-14,0.0,0.045454545454545456,0.045454545454545456,0.045454545454545456,0.045454545454545456,0.045454545454545456,0.0,0.09090909090909091,0.045454545454545456,0.0,0.045454545454545456,0.0,0.0,0.045454545454545456,0.045454545454545456,0.0,0.0,0.045454545454545456,0.045454545454545456,0.0,0.09090909090909091,0.045454545454545456,0.0,0.18181818181818182,0.045454545454545456,0.0,0.0,0.0,0.045454545454545456,0.0
2020-10-20,0.044444444444444446,0.0,0.044444444444444446,0.022222222222222223,0.022222222222222223,0.022222222222222223,0.044444444444444446,0.044444444444444446,0.0,0.022222222222222223,0.022222222222222223,0.08888888888888889,0.06666666666666667,0.022222222222222223,0.0,0.022222222222222223,0.022222222222222223,0.044444444444444446,0.0,0.022222222222222223,0.044444444444444446,0.0,0.022222222222222223,0.06666666666666667,0.022222222222222223,0.022222222222222223,0.022222222222222223,0.08888888888888889,0.044444444444444446,0.08888888888888889
2020-10-22,0.0,0.0,0.0,0.0,0.0,0.07692307692307693,0.15384615384615385,0.0,0.0,0.0,0.07692307692307693,0.0,0.0,0.07692307692307693,0.15384615384615385,0.0,0.0,0.0,0.0,0.0,0.07692307692307693,0.07692307692307693,0.07692307692307693,0.07692307692307693,0.0,0.0,0.07692307692307693,0.0,0.0,0.07692307692307693
2020-10-23,0.0,0.0,0.0,0.0,0.0,0.0,0.0,0.0,0.25,0.0,0.0,0.0,0.0,0.0,0.0,0.0,0.0,0.0,0.25,0.0,0.0,0.0,0.0,0.5,0.0,0.0,0.0,0.0,0.0,0.0
2020-10-27,0.0,0.08333333333333333,0.041666666666666664,0.041666666666666664,0.041666666666666664,0.0,0.041666666666666664,0.041666666666666664,0.041666666666666664,0.08333333333333333,0.041666666666666664,0.041666666666666664,0.0,0.041666666666666664,0.041666666666666664,0.0,0.0,0.0,0.0,0.0,0.041666666666666664,0.0,0.0,0.041666666666666664,0.16666666666666666,0.08333333333333333,0.0,0.08333333333333333,0.0,0.0
2020-10-29,0.047619047619047616,0.047619047619047616,0.0,0.0,0.14285714285714285,0.0,0.0,0.0,0.047619047619047616,0.0,0.0,0.047619047619047616,0.0,0.047619047619047616,0.047619047619047616,0.0,0.047619047619047616,0.0,0.047619047619047616,0.0,0.047619047619047616,0.0,0.09523809523809523,0.0,0.047619047619047616,0.047619047619047616,0.047619047619047616,0.047619047619047616,0.047619047619047616,0.09523809523809523
2020-10-30,0.0,0.0,0.125,0.0,0.0625,0.0,0.0625,0.125,0.0,0.0625,0.0625,0.0,0.0625,0.0,0.125,0.125,0.0,0.0,0.0,0.0,0.0,0.0,0.0,0.0,0.0,0.0625,0.0,0.0,0.0,0.125
2020-11-02,0.0,0.07692307692307693,0.0,0.0,0.0,0.07692307692307693,0.0,0.0,0.0,0.07692307692307693,0.0,0.0,0.15384615384615385,0.15384615384615385,0.0,0.0,0.07692307692307693,0.07692307692307693,0.0,0.0,0.07692307692307693,0.07692307692307693,0.0,0.0,0.0,0.0,0.0,0.0,0.07692307692307693,0.07692307692307693
2020-11-03,0.0,0.0,0.0,0.0,0.0,0.07692307692307693,0.07692307692307693,0.07692307692307693,0.07692307692307693,0.0,0.0,0.0,0.0,0.0,0.0,0.0,0.0,0.07692307692307693,0.0,0.15384615384615385,0.0,0.0,0.07692307692307693,0.0,0.07692307692307693,0.0,0.07692307692307693,0.07692307692307693,0.0,0.15384615384615385
2020-11-06,0.05,0.15,0.0,0.0,0.05,0.05,0.0,0.0,0.0,0.0,0.0,0.05,0.0,0.0,0.05,0.05,0.05,0.0,0.05,0.1,0.05,0.0,0.0,0.05,0.05,0.05,0.0,0.0,0.05,0.1
2020-11-09,0.018518518518518517,0.037037037037037035,0.0,0.018518518518518517,0.0,0.0,0.018518518518518517,0.018518518518518517,0.037037037037037035,0.0,0.0,0.037037037037037035,0.018518518518518517,0.018518518518518517,0.037037037037037035,0.07407407407407407,0.037037037037037035,0.018518518518518517,0.05555555555555555,0.037037037037037035,0.037037037037037035,0.09259259259259259,0.07407407407407407,0.05555555555555555,0.037037037037037035,0.037037037037037035,0.12962962962962962,0.018518518518518517,0.018518518518518517,0.018518518518518517
2020-11-10,0.1,0.0,0.0,0.0,0.0,0.0,0.0,0.1,0.0,0.0,0.0,0.0,0.0,0.0,0.1,0.0,0.0,0.1,0.0,0.1,0.0,0.0,0.0,0.0,0.0,0.1,0.2,0.2,0.0,0.0
2020-11-16,0.0,0.0,0.0,0.3333333333333333,0.0,0.0,0.0,0.0,0.0,0.0,0.0,0.0,0.3333333333333333,0.0,0.0,0.0,0.0,0.0,0.0,0.0,0.0,0.0,0.0,0.0,0.3333333333333333,0.0,0.0,0.0,0.0,0.0
2020-11-17,0.02127659574468085,0.02127659574468085,0.02127659574468085,0.0,0.0,0.02127659574468085,0.02127659574468085,0.02127659574468085,0.0851063829787234,0.0425531914893617,0.0851063829787234,0.0425531914893617,0.0425531914893617,0.02127659574468085,0.02127659574468085,0.02127659574468085,0.0,0.0425531914893617,0.0425531914893617,0.06382978723404255,0.0,0.0,0.06382978723404255,0.0425531914893617,0.02127659574468085,0.06382978723404255,0.0,0.06382978723404255,0.0851063829787234,0.02127659574468085
2020-11-20,0.02857142857142857,0.02857142857142857,0.08571428571428572,0.02857142857142857,0.0,0.02857142857142857,0.02857142857142857,0.05714285714285714,0.02857142857142857,0.0,0.02857142857142857,0.05714285714285714,0.02857142857142857,0.08571428571428572,0.05714285714285714,0.05714285714285714,0.05714285714285714,0.05714285714285714,0.02857142857142857,0.0,0.05714285714285714,0.02857142857142857,0.0,0.02857142857142857,0.02857142857142857,0.0,0.02857142857142857,0.05714285714285714,0.0,0.0
2020-11-24,0.0,0.14285714285714285,0.0,0.0,0.0,0.0,0.0,0.14285714285714285,0.14285714285714285,0.14285714285714285,0.0,0.0,0.14285714285714285,0.0,0.0,0.0,0.0,0.0,0.0,0.0,0.14285714285714285,0.0,0.0,0.0,0.0,0.0,0.0,0.0,0.14285714285714285,0.0
2020-12-02,0.0,0.14285714285714285,0.0,0.0,0.14285714285714285,0.0,0.0,0.14285714285714285,0.0,0.0,0.14285714285714285,0.0,0.0,0.0,0.0,0.14285714285714285,0.0,0.0,0.0,0.0,0.0,0.0,0.0,0.0,0.14285714285714285,0.0,0.0,0.0,0.14285714285714285,0.0
2020-12-03,0.0,0.0,0.1111111111111111,0.0,0.2222222222222222,0.0,0.0,0.0,0.0,0.0,0.1111111111111111,0.0,0.0,0.0,0.0,0.0,0.0,0.1111111111111111,0.2222222222222222,0.0,0.0,0.1111111111111111,0.0,0.0,0.1111111111111111,0.0,0.0,0.0,0.0,0.0
2020-12-08,0.0,0.0,0.0,0.0,0.0,0.14285714285714285,0.0,0.0,0.14285714285714285,0.0,0.0,0.0,0.0,0.0,0.14285714285714285,0.0,0.0,0.0,0.0,0.0,0.0,0.0,0.0,0.2857142857142857,0.14285714285714285,0.0,0.0,0.0,0.0,0.14285714285714285
2020-12-10,0.08823529411764706,0.0,0.08823529411764706,0.0,0.0,0.0,0.08823529411764706,0.0,0.08823529411764706,0.058823529411764705,0.029411764705882353,0.029411764705882353,0.0,0.029411764705882353,0.029411764705882353,0.0,0.058823529411764705,0.0,0.058823529411764705,0.08823529411764706,0.029411764705882353,0.0,0.08823529411764706,0.0,0.029411764705882353,0.0,0.058823529411764705,0.029411764705882353,0.0,0.029411764705882353
2020-12-11,0.0,0.058823529411764705,0.0,0.0,0.0,0.0,0.11764705882352941,0.058823529411764705,0.0,0.0,0.058823529411764705,0.0,0.058823529411764705,0.0,0.058823529411764705,0.11764705882352941,0.058823529411764705,0.058823529411764705,0.0,0.0,0.058823529411764705,0.0,0.058823529411764705,0.0,0.058823529411764705,0.0,0.058823529411764705,0.058823529411764705,0.0,0.058823529411764705
2020-12-15,0.0,0.0,0.3333333333333333,0.0,0.0,0.3333333333333333,0.0,0.0,0.0,0.3333333333333333,0.0,0.0,0.0,0.0,0.0,0.0,0.0,0.0,0.0,0.0,0.0,0.0,0.0,0.0,0.0,0.0,0.0,0.0,0.0,0.0
2020-12-17,0.125,0.125,0.0,0.0,0.0,0.0,0.0,0.125,0.0,0.0,0.0,0.0,0.125,0.0,0.0,0.0,0.25,0.0,0.0,0.0,0.0,0.0,0.0,0.125,0.0,0.125,0.0,0.0,0.0,0.0
2020-12-21,0.0,0.0,0.0,0.0,0.5,0.0,0.0,0.0,0.0,0.0,0.0,0.0,0.0,0.0,0.0,0.0,0.0,0.0,0.0,0.0,0.25,0.0,0.0,0.0,0.0,0.0,0.0,0.25,0.0,0.0
2020-12-22,0.0,0.0,0.0,0.047619047619047616,0.047619047619047616,0.047619047619047616,0.0,0.047619047619047616,0.0,0.047619047619047616,0.047619047619047616,0.047619047619047616,0.0,0.047619047619047616,0.09523809523809523,0.0,0.14285714285714285,0.0,0.09523809523809523,0.0,0.0,0.0,0.047619047619047616,0.0,0.09523809523809523,0.0,0.09523809523809523,0.047619047619047616,0.0,0.0
2020-12-28,0.0,0.10526315789473684,0.0,0.0,0.05263157894736842,0.05263157894736842,0.0,0.0,0.0,0.0,0.10526315789473684,0.05263157894736842,0.05263157894736842,0.0,0.0,0.05263157894736842,0.05263157894736842,0.0,0.10526315789473684,0.0,0.0,0.10526315789473684,0.0,0.0,0.10526315789473684,0.0,0.0,0.05263157894736842,0.05263157894736842,0.05263157894736842
2020-12-29,0.0,0.0,0.0,0.05,0.0,0.05,0.05,0.0,0.0,0.05,0.0,0.2,0.1,0.05,0.0,0.0,0.05,0.1,0.0,0.05,0.05,0.0,0.05,0.05,0.0,0.0,0.0,0.05,0.0,0.05
2020-12-31,0.0,0.0,0.0,0.0,0.3333333333333333,0.0,0.0,0.3333333333333333,0.0,0.0,0.0,0.0,0.3333333333333333,0.0,0.0,0.0,0.0,0.0,0.0,0.0,0.0,0.0,0.0,0.0,0.0,0.0,0.0,0.0,0.0,0.0
2021-01-07,0.058823529411764705,0.0,0.058823529411764705,0.0,0.058823529411764705,0.029411764705882353,0.029411764705882353,0.0,0.08823529411764706,0.058823529411764705,0.029411764705882353,0.029411764705882353,0.029411764705882353,0.0,0.0,0.0,0.029411764705882353,0.0,0.058823529411764705,0.0,0.058823529411764705,0.029411764705882353,0.0,0.029411764705882353,0.17647058823529413,0.029411764705882353,0.058823529411764705,0.0,0.029411764705882353,0.029411764705882353
2021-01-11,0.0,0.0,0.0,0.0,0.0,0.0,0.0,0.0,0.0,0.0,0.25,0.0,0.0,0.0,0.0,0.0,0.0,0.0,0.0,0.5,0.25,0.0,0.0,0.0,0.0,0.0,0.0,0.0,0.0,0.0
2021-01-12,0.0,0.09090909090909091,0.09090909090909091,0.09090909090909091,0.0,0.0,0.09090909090909091,0.0,0.0,0.09090909090909091,0.0,0.09090909090909091,0.0,0.0,0.09090909090909091,0.0,0.09090909090909091,0.0,0.0,0.0,0.09090909090909091,0.0,0.09090909090909091,0.0,0.0,0.0,0.0,0.09090909090909091,0.0,0.0
2021-01-14,0.041666666666666664,0.0,0.0,0.08333333333333333,0.125,0.08333333333333333,0.0,0.041666666666666664,0.0,0.08333333333333333,0.041666666666666664,0.0,0.041666666666666664,0.0,0.041666666666666664,0.08333333333333333,0.041666666666666664,0.0,0.0,0.08333333333333333,0.041666666666666664,0.0,0.0,0.0,0.0,0.125,0.0,0.0,0.0,0.041666666666666664
2021-01-15,0.0,0.0,0.0,0.07142857142857142,0.0,0.14285714285714285,0.0,0.0,0.07142857142857142,0.0,0.0,0.0,0.14285714285714285,0.0,0.0,0.0,0.0,0.0,0.0,0.0,0.07142857142857142,0.0,0.07142857142857142,0.0,0.0,0.14285714285714285,0.07142857142857142,0.0,0.07142857142857142,0.14285714285714285
2021-01-19,0.017543859649122806,0.017543859649122806,0.05263157894736842,0.08771929824561403,0.017543859649122806,0.0,0.017543859649122806,0.05263157894736842,0.017543859649122806,0.0,0.05263157894736842,0.0,0.03508771929824561,0.07017543859649122,0.03508771929824561,0.017543859649122806,0.017543859649122806,0.017543859649122806,0.03508771929824561,0.08771929824561403,0.05263157894736842,0.017543859649122806,0.017543859649122806,0.08771929824561403,0.03508771929824561,0.0,0.017543859649122806,0.017543859649122806,0.08771929824561403,0.017543859649122806
2021-01-21,0.058823529411764705,0.0,0.0,0.08823529411764706,0.029411764705882353,0.029411764705882353,0.029411764705882353,0.0,0.029411764705882353,0.0,0.029411764705882353,0.08823529411764706,0.08823529411764706,0.0,0.11764705882352941,0.0,0.058823529411764705,0.058823529411764705,0.0,0.0,0.0,0.029411764705882353,0.058823529411764705,0.029411764705882353,0.029411764705882353,0.029411764705882353,0.058823529411764705,0.0,0.029411764705882353,0.029411764705882353
2021-01-22,0.06976744186046512,0.0,0.023255813953488372,0.046511627906976744,0.023255813953488372,0.046511627906976744,0.046511627906976744,0.046511627906976744,0.023255813953488372,0.023255813953488372,0.06976744186046512,0.023255813953488372,0.023255813953488372,0.06976744186046512,0.0,0.0,0.046511627906976744,0.023255813953488372,0.046511627906976744,0.023255813953488372,0.0,0.0,0.0,0.046511627906976744,0.023255813953488372,0.06976744186046512,0.023255813953488372,0.046511627906976744,0.023255813953488372,0.09302325581395349
2021-01-27,0.0,0.0,0.1,0.0,0.0,0.2,0.0,0.0,0.0,0.1,0.0,0.1,0.1,0.1,0.0,0.0,0.0,0.0,0.0,0.0,0.0,0.0,0.0,0.1,0.1,0.0,0.0,0.0,0.1,0.0
2021-01-28,0.05263157894736842,0.0,0.0,0.05263157894736842,0.0,0.0,0.05263157894736842,0.15789473684210525,0.05263157894736842,0.05263157894736842,0.05263157894736842,0.05263157894736842,0.0,0.0,0.0,0.0,0.10526315789473684,0.0,0.10526315789473684,0.0,0.0,0.0,0.0,0.0,0.0,0.05263157894736842,0.0,0.05263157894736842,0.05263157894736842,0.10526315789473684
2021-01-29,0.09090909090909091,0.0,0.0,0.0,0.045454545454545456,0.0,0.045454545454545456,0.0,0.045454545454545456,0.045454545454545456,0.0,0.0,0.0,0.0,0.0,0.0,0.13636363636363635,0.13636363636363635,0.045454545454545456,0.09090909090909091,0.09090909090909091,0.0,0.09090909090909091,0.0,0.045454545454545456,0.0,0.0,0.0,0.045454545454545456,0.045454545454545456
2021-02-03,0.125,0.0,0.125,0.0,0.0,0.0,0.125,0.0,0.0,0.0,0.125,0.0,0.0,0.125,0.0,0.0,0.0,0.0,0.0,0.0,0.0,0.0,0.0,0.0,0.125,0.0,0.0,0.0,0.25,0.0
2021-02-05,0.0,0.0,0.07142857142857142,0.0,0.07142857142857142,0.0,0.0,0.07142857142857142,0.0,0.07142857142857142,0.07142857142857142,0.0,0.0,0.0,0.0,0.0,0.07142857142857142,0.07142857142857142,0.07142857142857142,0.0,0.0,0.0,0.07142857142857142,0.0,0.0,0.14285714285714285,0.0,0.0,0.21428571428571427,0.0
2021-02-10,0.0,0.0,0.0,0.0,0.0,0.0,0.5,0.0,0.0,0.0,0.0,0.0,0.0,0.0,0.0,0.0,0.0,0.0,0.0,0.0,0.0,0.0,0.0,0.0,0.0,0.0,0.5,0.0,0.0,0.0
2021-02-16,0.034482758620689655,0.06896551724137931,0.034482758620689655,0.06896551724137931,0.034482758620689655,0.0,0.06896551724137931,0.0,0.0,0.034482758620689655,0.0,0.034482758620689655,0.034482758620689655,0.0,0.06896551724137931,0.0,0.06896551724137931,0.034482758620689655,0.10344827586206896,0.06896551724137931,0.06896551724137931,0.06896551724137931,0.0,0.0,0.034482758620689655,0.0,0.0,0.034482758620689655,0.034482758620689655,0.0
2021-02-17,0.06666666666666667,0.06666666666666667,0.06666666666666667,0.0,0.0,0.0,0.0,0.06666666666666667,0.06666666666666667,0.0,0.0,0.06666666666666667,0.0,0.0,0.0,0.0,0.0,0.06666666666666667,0.0,0.13333333333333333,0.0,0.06666666666666667,0.0,0.0,0.2,0.06666666666666667,0.06666666666666667,0.0,0.0,0.0
2021-02-18,0.03278688524590164,0.01639344262295082,0.06557377049180328,0.04918032786885246,0.0,0.03278688524590164,0.0,0.03278688524590164,0.0,0.0,0.01639344262295082,0.0,0.03278688524590164,0.04918032786885246,0.04918032786885246,0.03278688524590164,0.06557377049180328,0.03278688524590164,0.06557377049180328,0.01639344262295082,0.01639344262295082,0.01639344262295082,0.01639344262295082,0.06557377049180328,0.04918032786885246,0.03278688524590164,0.01639344262295082,0.04918032786885246,0.06557377049180328,0.08196721311475409
